2026-06-19 10:31:12 [STATION_GAMMA] Security sweep of Perimeter Zone C completed.
2026-06-19 03:38:02 [STATION_ALPHA] Security sweep of Perimeter Zone C completed.
2026-06-19 11:06:57 [STATION_DELTA] Patrol unit 02 reporting status: nominal.
2026-06-19 03:36:25 [COMMAND] Radio signal check: frequency tuning successful.
2026-06-19 09:56:24 [COMMAND] Patrol unit 02 reporting status: nominal.
2026-06-19 03:58:02 [PATROL_04] Radio signal check: frequency tuning successful.
2026-06-19 09:29:09 [COMMAND] Weather report: Wind speed 14 knots, clear skies.
2026-06-19 19:43:47 [PATROL_04] Radio signal check: frequency tuning successful.
2026-06-19 16:28:45 [STATION_BETA] Encrypted packet sent to HQ: checksum 0xFA32.
2026-06-19 18:29:02 [STATION_ALPHA] Patrol unit 02 reporting status: nominal.
2026-06-19 12:21:21 [STATION_ALPHA] Encrypted packet sent to HQ: checksum 0xFA32.
2026-06-19 13:34:09 [STATION_GAMMA] Automated telemetry update: battery level 98%.
2026-06-19 18:42:31 [RECON_01] Weather report: Wind speed 14 knots, clear skies.
2026-06-19 14:40:39 [COMMAND] Weather report: Wind speed 14 knots, clear skies.
2026-06-19 23:53:04 [STATION_BETA] Patrol unit 02 reporting status: nominal.
2026-06-19 12:43:51 [RECON_01] Radio signal check: frequency tuning successful.
2026-06-19 14:36:49 [STATION_DELTA] Patrol unit 02 reporting status: nominal.
2026-06-19 05:42:27 [STATION_BETA] Radio signal check: frequency tuning successful.
2026-06-19 14:37:48 [STATION_GAMMA] Security sweep of Perimeter Zone C completed.
2026-06-19 09:18:09 [COMMAND] Weekly maintenance scheduled for main antenna grid.
2026-06-19 20:14:34 [STATION_ALPHA] Radio signal check: frequency tuning successful.
2026-06-19 23:02:38 [RECON_01] Automated telemetry update: battery level 98%.
2026-06-19 23:33:15 [COMMAND] Weather report: Wind speed 14 knots, clear skies.
2026-06-19 04:07:03 [STATION_DELTA] Radio signal check: frequency tuning successful.
2026-06-19 02:28:50 [STATION_ALPHA] Automated telemetry update: battery level 98%.
2026-06-19 10:40:30 [PATROL_04] Weather report: Wind speed 14 knots, clear skies.
2026-06-19 21:55:30 [STATION_GAMMA] Encrypted packet sent to HQ: checksum 0xFA32.
2026-06-19 03:34:17 [STATION_BETA] Radio signal check: frequency tuning successful.
2026-06-19 10:59:55 [STATION_ALPHA] Encrypted packet sent to HQ: checksum 0xFA32.
2026-06-19 04:54:24 [STATION_BETA] Encrypted packet sent to HQ: checksum 0xFA32.
2026-06-19 08:20:37 [RECON_01] Automated telemetry update: battery level 98%.
2026-06-19 12:40:03 [STATION_BETA] Weather report: Wind speed 14 knots, clear skies.
2026-06-19 04:09:41 [RECON_01] Patrol unit 02 reporting status: nominal.
2026-06-19 05:15:56 [COMMAND] Security sweep of Perimeter Zone C completed.
2026-06-19 03:10:53 [STATION_BETA] Routine backup completed for encrypted network segment 4.
2026-06-19 20:39:51 [STATION_GAMMA] Weekly maintenance scheduled for main antenna grid.
2026-06-19 01:08:14 [STATION_BETA] Encrypted packet sent to HQ: checksum 0xFA32.
2026-06-19 13:06:23 [STATION_BETA] Weather report: Wind speed 14 knots, clear skies.
2026-06-19 23:18:56 [STATION_DELTA] Weather report: Wind speed 14 knots, clear skies.
2026-06-19 14:11:14 [COMMAND] Patrol unit 02 reporting status: nominal.
2026-06-19 03:08:45 [RECON_01] Weekly maintenance scheduled for main antenna grid.
2026-06-19 17:51:42 [RECON_01] Encrypted packet sent to HQ: checksum 0xFA32.
2026-06-19 06:15:51 [STATION_GAMMA] Routine backup completed for encrypted network segment 4.
2026-06-19 03:48:57 [COMMAND] Weather report: Wind speed 14 knots, clear skies.
2026-06-19 07:18:28 [PATROL_04] Routine backup completed for encrypted network segment 4.
2026-06-19 14:51:28 [STATION_GAMMA] Automated telemetry update: battery level 98%.
2026-06-19 17:25:28 [PATROL_04] Automated telemetry update: battery level 98%.
2026-06-19 05:14:57 [COMMAND] Security sweep of Perimeter Zone C completed.
2026-06-19 09:33:03 [STATION_DELTA] Routine backup completed for encrypted network segment 4.
2026-06-19 02:32:19 [STATION_BETA] Automated telemetry update: battery level 98%.
2026-06-19 05:04:35 [PATROL_04] Weekly maintenance scheduled for main antenna grid.
2026-06-19 11:52:52 [PATROL_04] Routine backup completed for encrypted network segment 4.
2026-06-19 01:33:39 [STATION_BETA] Radio signal check: frequency tuning successful.
2026-06-19 01:49:52 [PATROL_04] Patrol unit 02 reporting status: nominal.
2026-06-19 19:20:50 [STATION_ALPHA] Weekly maintenance scheduled for main antenna grid.
2026-06-19 18:27:46 [STATION_BETA] Patrol unit 02 reporting status: nominal.
2026-06-19 11:40:56 [STATION_BETA] Radio signal check: frequency tuning successful.
2026-06-19 01:18:44 [STATION_DELTA] Weather report: Wind speed 14 knots, clear skies.
2026-06-19 12:50:51 [COMMAND] Weather report: Wind speed 14 knots, clear skies.
2026-06-19 11:10:07 [PATROL_04] Encrypted packet sent to HQ: checksum 0xFA32.
2026-06-19 09:08:37 [STATION_DELTA] Automated telemetry update: battery level 98%.
2026-06-19 02:23:29 [RECON_01] Weekly maintenance scheduled for main antenna grid.
2026-06-19 19:42:34 [STATION_GAMMA] Patrol unit 02 reporting status: nominal.
2026-06-19 20:26:06 [RECON_01] Encrypted packet sent to HQ: checksum 0xFA32.
2026-06-19 07:28:24 [STATION_ALPHA] Patrol unit 02 reporting status: nominal.
2026-06-19 23:49:43 [COMMAND] Routine backup completed for encrypted network segment 4.
2026-06-19 04:35:32 [STATION_DELTA] Routine backup completed for encrypted network segment 4.
2026-06-19 02:36:26 [RECON_01] Automated telemetry update: battery level 98%.
2026-06-19 01:58:34 [STATION_GAMMA] Weekly maintenance scheduled for main antenna grid.
2026-06-19 06:48:14 [PATROL_04] Weekly maintenance scheduled for main antenna grid.
2026-06-19 13:48:04 [PATROL_04] Routine backup completed for encrypted network segment 4.
2026-06-19 06:11:43 [COMMAND] Patrol unit 02 reporting status: nominal.
2026-06-19 04:12:17 [STATION_DELTA] Encrypted packet sent to HQ: checksum 0xFA32.
2026-06-19 15:57:03 [STATION_DELTA] Security sweep of Perimeter Zone C completed.
2026-06-19 19:39:05 [STATION_ALPHA] Patrol unit 02 reporting status: nominal.
2026-06-19 04:05:52 [RECON_01] Security sweep of Perimeter Zone C completed.
2026-06-19 18:37:12 [STATION_ALPHA] Weather report: Wind speed 14 knots, clear skies.
2026-06-19 11:03:50 [STATION_ALPHA] Weekly maintenance scheduled for main antenna grid.
2026-06-19 21:09:22 [COMMAND] Security sweep of Perimeter Zone C completed.
2026-06-19 16:46:49 [COMMAND] Encrypted packet sent to HQ: checksum 0xFA32.
2026-06-19 14:46:31 [COMMAND] Encrypted packet sent to HQ: checksum 0xFA32.
2026-06-19 21:25:26 [STATION_DELTA] Security sweep of Perimeter Zone C completed.
2026-06-19 07:05:45 [COMMAND] Radio signal check: frequency tuning successful.
2026-06-19 05:22:39 [STATION_GAMMA] Radio signal check: frequency tuning successful.
2026-06-19 09:42:34 [RECON_01] Radio signal check: frequency tuning successful.
2026-06-19 05:41:28 [COMMAND] Routine backup completed for encrypted network segment 4.
2026-06-19 01:50:44 [STATION_ALPHA] Security sweep of Perimeter Zone C completed.
2026-06-19 22:48:16 [STATION_BETA] Automated telemetry update: battery level 98%.
2026-06-19 22:37:52 [STATION_DELTA] Routine backup completed for encrypted network segment 4.
2026-06-19 08:47:39 [RECON_01] Weather report: Wind speed 14 knots, clear skies.
2026-06-19 13:18:10 [COMMAND] Security sweep of Perimeter Zone C completed.
2026-06-19 11:37:59 [STATION_BETA] Weekly maintenance scheduled for main antenna grid.
2026-06-19 09:14:04 [STATION_ALPHA] Weekly maintenance scheduled for main antenna grid.
2026-06-19 13:45:28 [RECON_01] Weekly maintenance scheduled for main antenna grid.
2026-06-19 11:36:02 [PATROL_04] Encrypted packet sent to HQ: checksum 0xFA32.
2026-06-19 02:47:51 [PATROL_04] Radio signal check: frequency tuning successful.
2026-06-19 17:31:14 [STATION_GAMMA] Weather report: Wind speed 14 knots, clear skies.
2026-06-19 20:23:49 [STATION_BETA] Automated telemetry update: battery level 98%.
2026-06-19 20:54:00 [PATROL_04] Encrypted packet sent to HQ: checksum 0xFA32.
2026-06-19 11:40:18 [STATION_DELTA] Security sweep of Perimeter Zone C completed.
2026-06-19 21:24:29 [STATION_ALPHA] Automated telemetry update: battery level 98%.
2026-06-19 19:47:12 [PATROL_04] Routine backup completed for encrypted network segment 4.
2026-06-19 23:56:07 [STATION_GAMMA] Automated telemetry update: battery level 98%.
2026-06-19 03:09:34 [STATION_GAMMA] Encrypted packet sent to HQ: checksum 0xFA32.
2026-06-19 13:17:56 [PATROL_04] Radio signal check: frequency tuning successful.
2026-06-19 22:00:01 [STATION_ALPHA] Security sweep of Perimeter Zone C completed.
2026-06-19 22:40:58 [STATION_BETA] Weather report: Wind speed 14 knots, clear skies.
2026-06-19 06:41:24 [COMMAND] Encrypted packet sent to HQ: checksum 0xFA32.
2026-06-19 01:48:43 [STATION_ALPHA] Patrol unit 02 reporting status: nominal.
2026-06-19 22:58:07 [STATION_BETA] Weekly maintenance scheduled for main antenna grid.
2026-06-19 00:01:21 [STATION_GAMMA] Routine backup completed for encrypted network segment 4.
2026-06-19 18:05:15 [STATION_BETA] Weather report: Wind speed 14 knots, clear skies.
2026-06-19 02:52:53 [COMMAND] Encrypted packet sent to HQ: checksum 0xFA32.
2026-06-19 09:27:04 [RECON_01] Encrypted packet sent to HQ: checksum 0xFA32.
2026-06-19 09:54:07 [STATION_BETA] Automated telemetry update: battery level 98%.
2026-06-19 16:45:21 [COMMAND] Security sweep of Perimeter Zone C completed.
2026-06-19 03:22:55 [PATROL_04] Weekly maintenance scheduled for main antenna grid.
2026-06-19 06:10:55 [STATION_ALPHA] Routine backup completed for encrypted network segment 4.
2026-06-19 20:20:40 [STATION_ALPHA] Weekly maintenance scheduled for main antenna grid.
2026-06-19 21:53:12 [PATROL_04] Weather report: Wind speed 14 knots, clear skies.
2026-06-19 23:12:04 [STATION_GAMMA] Routine backup completed for encrypted network segment 4.
2026-06-19 09:40:35 [STATION_BETA] Patrol unit 02 reporting status: nominal.
2026-06-19 05:39:03 [STATION_GAMMA] Weather report: Wind speed 14 knots, clear skies.
2026-06-19 06:59:44 [STATION_DELTA] Encrypted packet sent to HQ: checksum 0xFA32.
2026-06-19 19:46:30 [STATION_DELTA] Automated telemetry update: battery level 98%.
2026-06-19 04:38:21 [STATION_ALPHA] Routine backup completed for encrypted network segment 4.
2026-06-19 14:18:43 [PATROL_04] Weather report: Wind speed 14 knots, clear skies.
2026-06-19 03:12:55 [STATION_ALPHA] Radio signal check: frequency tuning successful.
2026-06-19 08:15:20 [STATION_ALPHA] Radio signal check: frequency tuning successful.
2026-06-19 14:17:43 [STATION_DELTA] Automated telemetry update: battery level 98%.
2026-06-19 01:02:22 [PATROL_04] Patrol unit 02 reporting status: nominal.
2026-06-19 07:10:09 [RECON_01] Security sweep of Perimeter Zone C completed.
2026-06-19 15:39:47 [COMMAND] Automated telemetry update: battery level 98%.
2026-06-19 16:00:57 [STATION_GAMMA] Radio signal check: frequency tuning successful.
2026-06-19 03:50:15 [STATION_ALPHA] Security sweep of Perimeter Zone C completed.
2026-06-19 12:44:26 [STATION_DELTA] Patrol unit 02 reporting status: nominal.
2026-06-19 14:25:05 [STATION_BETA] Patrol unit 02 reporting status: nominal.
2026-06-19 10:09:26 [STATION_GAMMA] Patrol unit 02 reporting status: nominal.
2026-06-19 23:50:55 [STATION_GAMMA] Routine backup completed for encrypted network segment 4.
2026-06-19 15:30:51 [STATION_GAMMA] Patrol unit 02 reporting status: nominal.
2026-06-19 19:19:53 [STATION_DELTA] Routine backup completed for encrypted network segment 4.
2026-06-19 17:55:36 [RECON_01] Automated telemetry update: battery level 98%.
2026-06-19 00:08:18 [STATION_BETA] Encrypted packet sent to HQ: checksum 0xFA32.
2026-06-19 10:13:18 [STATION_BETA] Encrypted packet sent to HQ: checksum 0xFA32.
2026-06-19 21:24:34 [RECON_01] Security sweep of Perimeter Zone C completed.
2026-06-19 07:15:13 [STATION_ALPHA] Automated telemetry update: battery level 98%.
2026-06-19 18:27:25 [STATION_ALPHA] Radio signal check: frequency tuning successful.
2026-06-19 13:49:18 [COMMAND] Patrol unit 02 reporting status: nominal.
2026-06-19 00:57:36 [COMMAND] Patrol unit 02 reporting status: nominal.
2026-06-19 18:59:46 [RECON_01] Weekly maintenance scheduled for main antenna grid.
2026-06-19 19:04:10 [STATION_GAMMA] Automated telemetry update: battery level 98%.
2026-06-19 00:08:32 [STATION_DELTA] Weekly maintenance scheduled for main antenna grid.
2026-06-19 06:52:58 [PATROL_04] Weather report: Wind speed 14 knots, clear skies.
2026-06-19 19:25:35 [STATION_GAMMA] Weekly maintenance scheduled for main antenna grid.
2026-06-19 01:22:17 [PATROL_04] Automated telemetry update: battery level 98%.
2026-06-19 16:19:36 [COMMAND] Routine backup completed for encrypted network segment 4.
2026-06-19 07:09:38 [STATION_BETA] Radio signal check: frequency tuning successful.
2026-06-19 11:30:52 [STATION_BETA] Routine backup completed for encrypted network segment 4.
2026-06-19 20:33:44 [STATION_BETA] Automated telemetry update: battery level 98%.
2026-06-19 15:26:03 [RECON_01] Weekly maintenance scheduled for main antenna grid.
2026-06-19 20:14:32 [STATION_DELTA] Weekly maintenance scheduled for main antenna grid.
2026-06-19 22:03:43 [STATION_DELTA] Routine backup completed for encrypted network segment 4.
2026-06-19 19:33:14 [STATION_GAMMA] Weekly maintenance scheduled for main antenna grid.
2026-06-19 14:38:34 [PATROL_04] Security sweep of Perimeter Zone C completed.
2026-06-19 13:14:22 [RECON_01] Weather report: Wind speed 14 knots, clear skies.
2026-06-19 09:43:18 [STATION_GAMMA] Weekly maintenance scheduled for main antenna grid.
2026-06-19 16:32:46 [RECON_01] Patrol unit 02 reporting status: nominal.
2026-06-19 02:30:02 [COMMAND] Routine backup completed for encrypted network segment 4.
2026-06-19 15:52:01 [STATION_DELTA] Security sweep of Perimeter Zone C completed.
2026-06-19 08:58:54 [STATION_BETA] Weather report: Wind speed 14 knots, clear skies.
2026-06-19 18:01:17 [STATION_DELTA] Weather report: Wind speed 14 knots, clear skies.
2026-06-19 10:52:55 [STATION_GAMMA] Patrol unit 02 reporting status: nominal.
2026-06-19 09:29:47 [STATION_BETA] Radio signal check: frequency tuning successful.
2026-06-19 17:14:04 [RECON_01] Weekly maintenance scheduled for main antenna grid.
2026-06-19 23:30:43 [PATROL_04] Radio signal check: frequency tuning successful.
2026-06-19 04:36:19 [PATROL_04] Routine backup completed for encrypted network segment 4.
2026-06-19 00:45:41 [STATION_ALPHA] Weather report: Wind speed 14 knots, clear skies.
2026-06-19 20:23:37 [PATROL_04] Patrol unit 02 reporting status: nominal.
2026-06-19 03:51:33 [COMMAND] Routine backup completed for encrypted network segment 4.
2026-06-19 21:29:44 [COMMAND] Encrypted packet sent to HQ: checksum 0xFA32.
2026-06-19 18:06:41 [STATION_DELTA] Patrol unit 02 reporting status: nominal.
2026-06-19 11:38:14 [STATION_ALPHA] Weekly maintenance scheduled for main antenna grid.
2026-06-19 11:09:28 [PATROL_04] Radio signal check: frequency tuning successful.
2026-06-19 06:18:10 [STATION_ALPHA] Weekly maintenance scheduled for main antenna grid.
2026-06-19 08:29:55 [STATION_BETA] Security sweep of Perimeter Zone C completed.
2026-06-19 00:41:40 [STATION_GAMMA] Weather report: Wind speed 14 knots, clear skies.
2026-06-19 09:46:29 [STATION_GAMMA] Routine backup completed for encrypted network segment 4.
2026-06-19 04:38:28 [RECON_01] Weather report: Wind speed 14 knots, clear skies.
2026-06-19 12:38:09 [COMMAND] Weekly maintenance scheduled for main antenna grid.
2026-06-19 15:32:34 [RECON_01] Patrol unit 02 reporting status: nominal.
2026-06-19 09:13:29 [STATION_DELTA] Automated telemetry update: battery level 98%.
2026-06-19 15:08:42 [COMMAND] Encrypted packet sent to HQ: checksum 0xFA32.
2026-06-19 13:47:03 [RECON_01] Encrypted packet sent to HQ: checksum 0xFA32.
2026-06-19 15:46:23 [COMMAND] Radio signal check: frequency tuning successful.
2026-06-19 07:43:16 [STATION_GAMMA] Security sweep of Perimeter Zone C completed.
2026-06-19 22:38:49 [RECON_01] Patrol unit 02 reporting status: nominal.
2026-06-19 08:39:39 [STATION_DELTA] Routine backup completed for encrypted network segment 4.
2026-06-19 03:25:28 [PATROL_04] Radio signal check: frequency tuning successful.
2026-06-19 21:13:34 [STATION_ALPHA] Security sweep of Perimeter Zone C completed.
2026-06-19 02:39:16 [COMMAND] Radio signal check: frequency tuning successful.
2026-06-19 22:10:23 [STATION_DELTA] Encrypted packet sent to HQ: checksum 0xFA32.
2026-06-19 11:25:18 [STATION_DELTA] Radio signal check: frequency tuning successful.
2026-06-19 03:05:50 [PATROL_04] Routine backup completed for encrypted network segment 4.
2026-06-19 00:40:52 [RECON_01] Automated telemetry update: battery level 98%.
2026-06-19 21:15:57 [RECON_01] Patrol unit 02 reporting status: nominal.
2026-06-19 11:51:21 [STATION_BETA] Automated telemetry update: battery level 98%.
2026-06-19 20:01:01 [COMMAND] Encrypted packet sent to HQ: checksum 0xFA32.
2026-06-19 20:12:47 [STATION_BETA] Weather report: Wind speed 14 knots, clear skies.
2026-06-19 07:45:06 [STATION_ALPHA] Automated telemetry update: battery level 98%.
2026-06-19 05:04:50 [COMMAND] Routine backup completed for encrypted network segment 4.
2026-06-19 07:52:13 [STATION_DELTA] Patrol unit 02 reporting status: nominal.
2026-06-19 20:27:59 [STATION_DELTA] Security sweep of Perimeter Zone C completed.
2026-06-19 12:36:33 [STATION_GAMMA] Security sweep of Perimeter Zone C completed.
2026-06-19 20:14:23 [COMMAND] Routine backup completed for encrypted network segment 4.
2026-06-19 19:50:55 [STATION_BETA] Routine backup completed for encrypted network segment 4.
2026-06-19 18:39:54 [STATION_GAMMA] Patrol unit 02 reporting status: nominal.
2026-06-19 10:36:08 [STATION_ALPHA] Security sweep of Perimeter Zone C completed.
2026-06-19 06:13:17 [COMMAND] Encrypted packet sent to HQ: checksum 0xFA32.
2026-06-19 02:20:38 [STATION_DELTA] Automated telemetry update: battery level 98%.
2026-06-19 04:44:11 [STATION_BETA] Radio signal check: frequency tuning successful.
2026-06-19 11:37:36 [STATION_DELTA] Patrol unit 02 reporting status: nominal.
2026-06-19 11:21:07 [RECON_01] Automated telemetry update: battery level 98%.
2026-06-19 23:47:14 [COMMAND] Security sweep of Perimeter Zone C completed.
2026-06-19 14:27:26 [STATION_GAMMA] Radio signal check: frequency tuning successful.
2026-06-19 10:32:52 [COMMAND] Patrol unit 02 reporting status: nominal.
2026-06-19 02:48:25 [COMMAND] Weekly maintenance scheduled for main antenna grid.
2026-06-19 00:48:47 [STATION_BETA] Security sweep of Perimeter Zone C completed.
2026-06-19 02:20:29 [STATION_ALPHA] Routine backup completed for encrypted network segment 4.
2026-06-19 01:18:51 [PATROL_04] Weekly maintenance scheduled for main antenna grid.
2026-06-19 08:07:30 [PATROL_04] Weekly maintenance scheduled for main antenna grid.
2026-06-19 02:29:20 [COMMAND] Encrypted packet sent to HQ: checksum 0xFA32.
2026-06-19 12:27:48 [PATROL_04] Automated telemetry update: battery level 98%.
2026-06-19 00:16:46 [PATROL_04] Patrol unit 02 reporting status: nominal.
2026-06-19 19:19:40 [PATROL_04] Weekly maintenance scheduled for main antenna grid.
2026-06-19 12:39:59 [PATROL_04] Weekly maintenance scheduled for main antenna grid.
2026-06-19 19:00:58 [PATROL_04] Weather report: Wind speed 14 knots, clear skies.
2026-06-19 04:30:18 [RECON_01] Radio signal check: frequency tuning successful.
2026-06-19 10:32:59 [STATION_GAMMA] Weekly maintenance scheduled for main antenna grid.
2026-06-19 17:23:12 [STATION_GAMMA] Automated telemetry update: battery level 98%.
2026-06-19 22:27:08 [STATION_BETA] Patrol unit 02 reporting status: nominal.
2026-06-19 17:24:36 [RECON_01] Weather report: Wind speed 14 knots, clear skies.
2026-06-19 05:28:19 [STATION_DELTA] Encrypted packet sent to HQ: checksum 0xFA32.
2026-06-19 15:43:56 [PATROL_04] Radio signal check: frequency tuning successful.
2026-06-19 14:37:08 [PATROL_04] Security sweep of Perimeter Zone C completed.
2026-06-19 00:15:07 [STATION_DELTA] Security sweep of Perimeter Zone C completed.
2026-06-19 01:13:53 [STATION_GAMMA] Automated telemetry update: battery level 98%.
2026-06-19 10:59:46 [COMMAND] Automated telemetry update: battery level 98%.
2026-06-19 04:48:26 [COMMAND] Patrol unit 02 reporting status: nominal.
2026-06-19 01:16:00 [RECON_01] Weather report: Wind speed 14 knots, clear skies.
2026-06-19 20:22:45 [STATION_BETA] Radio signal check: frequency tuning successful.
2026-06-19 05:14:35 [COMMAND] Routine backup completed for encrypted network segment 4.
2026-06-19 22:03:52 [PATROL_04] Encrypted packet sent to HQ: checksum 0xFA32.
2026-06-19 01:10:00 [STATION_BETA] Radio signal check: frequency tuning successful.
2026-06-19 00:52:57 [STATION_ALPHA] Security sweep of Perimeter Zone C completed.
2026-06-19 04:59:50 [STATION_GAMMA] Weather report: Wind speed 14 knots, clear skies.
2026-06-19 11:01:20 [RECON_01] Security sweep of Perimeter Zone C completed.
2026-06-19 08:20:16 [STATION_ALPHA] Routine backup completed for encrypted network segment 4.
2026-06-19 04:19:31 [STATION_DELTA] Automated telemetry update: battery level 98%.
2026-06-19 22:34:41 [STATION_GAMMA] Weather report: Wind speed 14 knots, clear skies.
2026-06-19 01:24:16 [RECON_01] Automated telemetry update: battery level 98%.
2026-06-19 20:42:34 [STATION_ALPHA] Weekly maintenance scheduled for main antenna grid.
2026-06-19 23:26:04 [STATION_ALPHA] Routine backup completed for encrypted network segment 4.
2026-06-19 22:49:04 [STATION_ALPHA] Weekly maintenance scheduled for main antenna grid.
2026-06-19 22:35:09 [STATION_DELTA] Automated telemetry update: battery level 98%.
2026-06-19 16:53:23 [STATION_GAMMA] Routine backup completed for encrypted network segment 4.
2026-06-19 10:35:17 [COMMAND] Automated telemetry update: battery level 98%.
2026-06-19 05:03:19 [COMMAND] Weather report: Wind speed 14 knots, clear skies.
2026-06-19 00:59:09 [STATION_BETA] Patrol unit 02 reporting status: nominal.
2026-06-19 15:00:20 [STATION_GAMMA] Patrol unit 02 reporting status: nominal.
2026-06-19 21:37:39 [COMMAND] Security sweep of Perimeter Zone C completed.
2026-06-19 01:15:39 [RECON_01] Encrypted packet sent to HQ: checksum 0xFA32.
2026-06-19 16:20:44 [PATROL_04] Routine backup completed for encrypted network segment 4.
2026-06-19 14:49:55 [STATION_DELTA] Patrol unit 02 reporting status: nominal.
2026-06-19 14:07:09 [STATION_GAMMA] Radio signal check: frequency tuning successful.
2026-06-19 12:02:34 [STATION_ALPHA] Weekly maintenance scheduled for main antenna grid.
2026-06-19 09:08:01 [RECON_01] Radio signal check: frequency tuning successful.
2026-06-19 07:04:20 [STATION_GAMMA] Radio signal check: frequency tuning successful.
2026-06-19 06:06:16 [RECON_01] Weekly maintenance scheduled for main antenna grid.
2026-06-19 15:22:06 [STATION_DELTA] Automated telemetry update: battery level 98%.
2026-06-19 12:34:35 [STATION_DELTA] Routine backup completed for encrypted network segment 4.
2026-06-19 06:19:07 [STATION_BETA] Patrol unit 02 reporting status: nominal.
2026-06-19 22:03:39 [STATION_DELTA] Encrypted packet sent to HQ: checksum 0xFA32.
2026-06-19 23:57:20 [COMMAND] Encrypted packet sent to HQ: checksum 0xFA32.
2026-06-19 06:14:43 [COMMAND] Radio signal check: frequency tuning successful.
2026-06-19 13:21:34 [STATION_BETA] Routine backup completed for encrypted network segment 4.
2026-06-19 05:39:30 [STATION_ALPHA] Radio signal check: frequency tuning successful.
2026-06-19 05:17:53 [STATION_DELTA] Routine backup completed for encrypted network segment 4.
2026-06-19 11:51:10 [COMMAND] Encrypted packet sent to HQ: checksum 0xFA32.
2026-06-19 01:36:19 [COMMAND] Patrol unit 02 reporting status: nominal.
2026-06-19 08:24:56 [PATROL_04] Security sweep of Perimeter Zone C completed.
2026-06-19 12:56:28 [STATION_GAMMA] Patrol unit 02 reporting status: nominal.
2026-06-19 03:28:31 [STATION_BETA] Security sweep of Perimeter Zone C completed.
2026-06-19 13:44:26 [STATION_ALPHA] Routine backup completed for encrypted network segment 4.
2026-06-19 13:59:12 [STATION_ALPHA] Security sweep of Perimeter Zone C completed.
2026-06-19 01:13:25 [RECON_01] Weekly maintenance scheduled for main antenna grid.
2026-06-19 00:19:26 [STATION_ALPHA] Patrol unit 02 reporting status: nominal.
2026-06-19 08:04:49 [STATION_GAMMA] Weather report: Wind speed 14 knots, clear skies.
2026-06-19 00:51:40 [COMMAND] Encrypted packet sent to HQ: checksum 0xFA32.
2026-06-19 11:18:38 [STATION_DELTA] Weather report: Wind speed 14 knots, clear skies.
2026-06-19 15:29:44 [STATION_GAMMA] Encrypted packet sent to HQ: checksum 0xFA32.
2026-06-19 05:26:43 [PATROL_04] Routine backup completed for encrypted network segment 4.
2026-06-19 19:19:26 [STATION_BETA] Radio signal check: frequency tuning successful.
2026-06-19 13:57:16 [STATION_DELTA] Radio signal check: frequency tuning successful.
2026-06-19 03:02:47 [STATION_ALPHA] Patrol unit 02 reporting status: nominal.
2026-06-19 02:12:45 [COMMAND] Automated telemetry update: battery level 98%.
2026-06-19 15:40:32 [STATION_DELTA] Radio signal check: frequency tuning successful.
2026-06-19 06:57:38 [STATION_DELTA] Encrypted packet sent to HQ: checksum 0xFA32.
2026-06-19 20:38:33 [RECON_01] Radio signal check: frequency tuning successful.
2026-06-19 08:28:10 [STATION_ALPHA] Patrol unit 02 reporting status: nominal.
2026-06-19 20:47:43 [STATION_ALPHA] Security sweep of Perimeter Zone C completed.
2026-06-19 03:31:40 [RECON_01] Security sweep of Perimeter Zone C completed.
2026-06-19 05:11:47 [COMMAND] Radio signal check: frequency tuning successful.
2026-06-19 11:32:58 [STATION_ALPHA] Automated telemetry update: battery level 98%.
2026-06-19 13:30:08 [STATION_BETA] Weekly maintenance scheduled for main antenna grid.
2026-06-19 22:34:52 [RECON_01] Encrypted packet sent to HQ: checksum 0xFA32.
2026-06-19 17:04:56 [STATION_ALPHA] Weather report: Wind speed 14 knots, clear skies.
2026-06-19 01:26:16 [COMMAND] Security sweep of Perimeter Zone C completed.
2026-06-19 06:26:15 [STATION_DELTA] Weather report: Wind speed 14 knots, clear skies.
2026-06-19 20:01:02 [RECON_01] Security sweep of Perimeter Zone C completed.
2026-06-19 16:15:50 [RECON_01] Radio signal check: frequency tuning successful.
2026-06-19 01:44:05 [STATION_GAMMA] Weather report: Wind speed 14 knots, clear skies.
2026-06-19 08:48:15 [RECON_01] Security sweep of Perimeter Zone C completed.
2026-06-19 01:40:44 [STATION_DELTA] Weather report: Wind speed 14 knots, clear skies.
2026-06-19 17:37:12 [STATION_BETA] Radio signal check: frequency tuning successful.
2026-06-19 11:46:34 [STATION_ALPHA] Routine backup completed for encrypted network segment 4.
2026-06-19 19:52:20 [PATROL_04] Security sweep of Perimeter Zone C completed.
2026-06-19 14:11:36 [PATROL_04] Radio signal check: frequency tuning successful.
2026-06-19 00:14:08 [RECON_01] Patrol unit 02 reporting status: nominal.
2026-06-19 06:27:35 [STATION_BETA] Routine backup completed for encrypted network segment 4.
2026-06-19 09:39:33 [RECON_01] Automated telemetry update: battery level 98%.
2026-06-19 02:25:29 [STATION_BETA] Routine backup completed for encrypted network segment 4.
2026-06-19 13:37:22 [RECON_01] Radio signal check: frequency tuning successful.
2026-06-19 03:25:15 [STATION_BETA] Security sweep of Perimeter Zone C completed.
2026-06-19 17:57:42 [COMMAND] Encrypted packet sent to HQ: checksum 0xFA32.
2026-06-19 12:20:10 [COMMAND] Routine backup completed for encrypted network segment 4.
2026-06-19 12:10:15 [STATION_GAMMA] Patrol unit 02 reporting status: nominal.
2026-06-19 09:10:35 [STATION_BETA] Weekly maintenance scheduled for main antenna grid.
2026-06-19 20:30:36 [RECON_01] Radio signal check: frequency tuning successful.
2026-06-19 08:32:17 [STATION_GAMMA] Weekly maintenance scheduled for main antenna grid.
2026-06-19 19:38:53 [COMMAND] Encrypted packet sent to HQ: checksum 0xFA32.
2026-06-19 02:49:14 [STATION_ALPHA] Radio signal check: frequency tuning successful.
2026-06-19 01:58:26 [STATION_ALPHA] Weather report: Wind speed 14 knots, clear skies.
2026-06-19 13:10:49 [STATION_DELTA] Encrypted packet sent to HQ: checksum 0xFA32.
2026-06-19 23:23:38 [STATION_GAMMA] Routine backup completed for encrypted network segment 4.
2026-06-19 07:46:09 [STATION_DELTA] Weather report: Wind speed 14 knots, clear skies.
2026-06-19 22:23:00 [STATION_ALPHA] Weekly maintenance scheduled for main antenna grid.
2026-06-19 10:39:15 [STATION_DELTA] Routine backup completed for encrypted network segment 4.
2026-06-19 01:46:20 [RECON_01] Encrypted packet sent to HQ: checksum 0xFA32.
2026-06-19 23:23:28 [STATION_BETA] Radio signal check: frequency tuning successful.
2026-06-19 22:23:50 [STATION_ALPHA] Security sweep of Perimeter Zone C completed.
2026-06-19 06:06:48 [RECON_01] Weekly maintenance scheduled for main antenna grid.
2026-06-19 19:04:04 [STATION_GAMMA] Weather report: Wind speed 14 knots, clear skies.
2026-06-19 06:02:35 [STATION_GAMMA] Security sweep of Perimeter Zone C completed.
2026-06-19 21:10:00 [STATION_DELTA] Encrypted packet sent to HQ: checksum 0xFA32.
2026-06-19 13:51:19 [STATION_BETA] Weekly maintenance scheduled for main antenna grid.
2026-06-19 04:36:11 [COMMAND] Encrypted packet sent to HQ: checksum 0xFA32.
2026-06-19 05:26:16 [STATION_BETA] Radio signal check: frequency tuning successful.
2026-06-19 07:47:14 [STATION_DELTA] Routine backup completed for encrypted network segment 4.
2026-06-19 00:21:33 [PATROL_04] Automated telemetry update: battery level 98%.
2026-06-19 01:32:33 [PATROL_04] Patrol unit 02 reporting status: nominal.
2026-06-19 00:35:35 [STATION_ALPHA] Patrol unit 02 reporting status: nominal.
2026-06-19 00:33:45 [STATION_DELTA] Routine backup completed for encrypted network segment 4.
2026-06-19 23:17:18 [STATION_BETA] Security sweep of Perimeter Zone C completed.
2026-06-19 18:39:21 [STATION_GAMMA] Security sweep of Perimeter Zone C completed.
2026-06-19 08:21:41 [RECON_01] Automated telemetry update: battery level 98%.
2026-06-19 07:23:55 [PATROL_04] Encrypted packet sent to HQ: checksum 0xFA32.
2026-06-19 19:09:47 [PATROL_04] Encrypted packet sent to HQ: checksum 0xFA32.
2026-06-19 03:52:38 [STATION_ALPHA] Weekly maintenance scheduled for main antenna grid.
2026-06-19 09:40:28 [STATION_GAMMA] Automated telemetry update: battery level 98%.
2026-06-19 08:36:19 [COMMAND] Weather report: Wind speed 14 knots, clear skies.
2026-06-19 20:03:32 [COMMAND] Weather report: Wind speed 14 knots, clear skies.
2026-06-19 05:48:41 [PATROL_04] Encrypted packet sent to HQ: checksum 0xFA32.
2026-06-19 05:44:54 [COMMAND] Weather report: Wind speed 14 knots, clear skies.
2026-06-19 21:25:53 [STATION_ALPHA] Automated telemetry update: battery level 98%.
2026-06-19 20:54:16 [PATROL_04] Weather report: Wind speed 14 knots, clear skies.
2026-06-19 18:37:06 [STATION_BETA] Security sweep of Perimeter Zone C completed.
2026-06-19 06:27:05 [PATROL_04] Automated telemetry update: battery level 98%.
2026-06-19 22:23:41 [COMMAND] Patrol unit 02 reporting status: nominal.
2026-06-19 18:08:33 [STATION_ALPHA] Encrypted packet sent to HQ: checksum 0xFA32.
2026-06-19 00:27:07 [RECON_01] Weather report: Wind speed 14 knots, clear skies.
2026-06-19 10:21:35 [RECON_01] Routine backup completed for encrypted network segment 4.
2026-06-19 16:48:58 [RECON_01] Weather report: Wind speed 14 knots, clear skies.
2026-06-19 01:10:38 [STATION_GAMMA] Encrypted packet sent to HQ: checksum 0xFA32.
2026-06-19 09:19:13 [STATION_ALPHA] Patrol unit 02 reporting status: nominal.
2026-06-19 07:46:05 [STATION_BETA] Encrypted packet sent to HQ: checksum 0xFA32.
2026-06-19 04:48:18 [STATION_ALPHA] Routine backup completed for encrypted network segment 4.
2026-06-19 09:34:05 [STATION_ALPHA] Weather report: Wind speed 14 knots, clear skies.
2026-06-19 22:09:11 [STATION_BETA] Security sweep of Perimeter Zone C completed.
2026-06-19 21:46:30 [COMMAND] Automated telemetry update: battery level 98%.
2026-06-19 11:57:15 [STATION_DELTA] Weekly maintenance scheduled for main antenna grid.
2026-06-19 02:44:10 [STATION_GAMMA] Encrypted packet sent to HQ: checksum 0xFA32.
2026-06-19 17:39:24 [STATION_ALPHA] Encrypted packet sent to HQ: checksum 0xFA32.
2026-06-19 08:51:24 [STATION_DELTA] Automated telemetry update: battery level 98%.
2026-06-19 11:17:14 [STATION_BETA] Encrypted packet sent to HQ: checksum 0xFA32.
2026-06-19 18:26:19 [STATION_DELTA] Routine backup completed for encrypted network segment 4.
2026-06-19 12:31:31 [STATION_ALPHA] Weekly maintenance scheduled for main antenna grid.
2026-06-19 04:56:12 [STATION_DELTA] Routine backup completed for encrypted network segment 4.
2026-06-19 14:57:40 [COMMAND] Encrypted packet sent to HQ: checksum 0xFA32.
2026-06-19 14:10:45 [STATION_BETA] Patrol unit 02 reporting status: nominal.
2026-06-19 04:03:13 [PATROL_04] Routine backup completed for encrypted network segment 4.
2026-06-19 04:16:47 [STATION_GAMMA] Patrol unit 02 reporting status: nominal.
2026-06-19 03:28:45 [STATION_DELTA] Automated telemetry update: battery level 98%.
2026-06-19 00:16:15 [RECON_01] Weather report: Wind speed 14 knots, clear skies.
2026-06-19 17:18:46 [STATION_ALPHA] Encrypted packet sent to HQ: checksum 0xFA32.
2026-06-19 17:21:30 [COMMAND] Radio signal check: frequency tuning successful.
2026-06-19 14:02:00 [STATION_DELTA] Radio signal check: frequency tuning successful.
2026-06-19 01:52:16 [RECON_01] Weather report: Wind speed 14 knots, clear skies.
2026-06-19 16:10:25 [STATION_BETA] Routine backup completed for encrypted network segment 4.
2026-06-19 20:42:05 [STATION_DELTA] Automated telemetry update: battery level 98%.
2026-06-19 00:03:21 [PATROL_04] Automated telemetry update: battery level 98%.
2026-06-19 21:50:14 [STATION_ALPHA] Security sweep of Perimeter Zone C completed.
2026-06-19 17:47:31 [COMMAND] Security sweep of Perimeter Zone C completed.
2026-06-19 12:26:06 [STATION_DELTA] Radio signal check: frequency tuning successful.
2026-06-19 04:48:12 [RECON_01] Security sweep of Perimeter Zone C completed.
2026-06-19 03:51:18 [STATION_BETA] Weather report: Wind speed 14 knots, clear skies.
2026-06-19 02:26:12 [STATION_BETA] Routine backup completed for encrypted network segment 4.
2026-06-19 22:38:49 [STATION_BETA] Routine backup completed for encrypted network segment 4.
2026-06-19 05:58:54 [STATION_BETA] Automated telemetry update: battery level 98%.
2026-06-19 11:00:59 [STATION_ALPHA] Automated telemetry update: battery level 98%.
2026-06-19 05:52:17 [COMMAND] Automated telemetry update: battery level 98%.
2026-06-19 05:55:41 [STATION_GAMMA] Security sweep of Perimeter Zone C completed.
2026-06-19 01:31:47 [PATROL_04] Radio signal check: frequency tuning successful.
2026-06-19 23:49:56 [PATROL_04] Security sweep of Perimeter Zone C completed.
2026-06-19 15:09:46 [STATION_ALPHA] Automated telemetry update: battery level 98%.
2026-06-19 10:17:06 [STATION_DELTA] Weekly maintenance scheduled for main antenna grid.
2026-06-19 01:58:55 [PATROL_04] Radio signal check: frequency tuning successful.
2026-06-19 14:22:03 [STATION_GAMMA] Weather report: Wind speed 14 knots, clear skies.
2026-06-19 06:14:10 [COMMAND] Radio signal check: frequency tuning successful.
2026-06-19 21:18:40 [STATION_GAMMA] Routine backup completed for encrypted network segment 4.
2026-06-19 17:25:17 [STATION_DELTA] Routine backup completed for encrypted network segment 4.
2026-06-19 13:22:25 [STATION_ALPHA] Patrol unit 02 reporting status: nominal.
2026-06-19 18:00:08 [STATION_GAMMA] Routine backup completed for encrypted network segment 4.
2026-06-19 10:34:53 [PATROL_04] Routine backup completed for encrypted network segment 4.
2026-06-19 00:05:10 [STATION_ALPHA] Radio signal check: frequency tuning successful.
2026-06-19 18:01:46 [STATION_GAMMA] Weather report: Wind speed 14 knots, clear skies.
2026-06-19 00:59:21 [RECON_01] Automated telemetry update: battery level 98%.
2026-06-19 08:35:32 [STATION_ALPHA] Routine backup completed for encrypted network segment 4.
2026-06-19 02:39:58 [COMMAND] Weekly maintenance scheduled for main antenna grid.
2026-06-19 13:16:39 [STATION_GAMMA] Security sweep of Perimeter Zone C completed.
2026-06-19 13:48:55 [STATION_ALPHA] Weather report: Wind speed 14 knots, clear skies.
2026-06-19 20:46:06 [COMMAND] Security sweep of Perimeter Zone C completed.
2026-06-19 02:01:59 [STATION_DELTA] Weather report: Wind speed 14 knots, clear skies.
2026-06-19 16:29:04 [COMMAND] Encrypted packet sent to HQ: checksum 0xFA32.
2026-06-19 08:32:10 [STATION_GAMMA] Weather report: Wind speed 14 knots, clear skies.
2026-06-19 23:45:41 [STATION_BETA] Weekly maintenance scheduled for main antenna grid.
2026-06-19 01:56:05 [STATION_GAMMA] Radio signal check: frequency tuning successful.
2026-06-19 22:54:00 [STATION_DELTA] Weekly maintenance scheduled for main antenna grid.
2026-06-19 13:18:22 [PATROL_04] Radio signal check: frequency tuning successful.
2026-06-19 19:08:27 [RECON_01] Encrypted packet sent to HQ: checksum 0xFA32.
2026-06-19 01:43:59 [STATION_ALPHA] Encrypted packet sent to HQ: checksum 0xFA32.
2026-06-19 00:52:12 [RECON_01] Encrypted packet sent to HQ: checksum 0xFA32.
2026-06-19 14:09:25 [STATION_GAMMA] Routine backup completed for encrypted network segment 4.
2026-06-19 01:52:45 [STATION_GAMMA] Security sweep of Perimeter Zone C completed.
2026-06-19 16:26:36 [PATROL_04] Patrol unit 02 reporting status: nominal.
2026-06-19 09:16:54 [STATION_ALPHA] Weather report: Wind speed 14 knots, clear skies.
2026-06-19 09:17:02 [RECON_01] Radio signal check: frequency tuning successful.
2026-06-19 08:39:27 [COMMAND] Routine backup completed for encrypted network segment 4.
2026-06-19 10:11:46 [STATION_ALPHA] Encrypted packet sent to HQ: checksum 0xFA32.
2026-06-19 09:00:38 [COMMAND] Weather report: Wind speed 14 knots, clear skies.
2026-06-19 00:06:09 [PATROL_04] Encrypted packet sent to HQ: checksum 0xFA32.
2026-06-19 05:35:06 [RECON_01] Encrypted packet sent to HQ: checksum 0xFA32.
2026-06-19 20:01:36 [STATION_ALPHA] Security sweep of Perimeter Zone C completed.
2026-06-19 22:32:11 [PATROL_04] Radio signal check: frequency tuning successful.
2026-06-19 04:48:46 [STATION_GAMMA] Radio signal check: frequency tuning successful.
2026-06-19 18:50:52 [STATION_ALPHA] Radio signal check: frequency tuning successful.
2026-06-19 13:56:17 [STATION_ALPHA] Weather report: Wind speed 14 knots, clear skies.
2026-06-19 07:52:21 [STATION_GAMMA] Weekly maintenance scheduled for main antenna grid.
2026-06-19 15:59:43 [STATION_BETA] Weather report: Wind speed 14 knots, clear skies.
2026-06-19 00:12:36 [STATION_GAMMA] Patrol unit 02 reporting status: nominal.
2026-06-19 23:47:47 [PATROL_04] Automated telemetry update: battery level 98%.
2026-06-19 23:31:04 [STATION_ALPHA] Radio signal check: frequency tuning successful.
2026-06-19 17:21:01 [STATION_GAMMA] Radio signal check: frequency tuning successful.
2026-06-19 01:26:14 [PATROL_04] Radio signal check: frequency tuning successful.
2026-06-19 03:07:10 [PATROL_04] Radio signal check: frequency tuning successful.
2026-06-19 12:30:57 [STATION_DELTA] Radio signal check: frequency tuning successful.
2026-06-19 00:32:20 [COMMAND] Patrol unit 02 reporting status: nominal.
2026-06-19 15:21:59 [COMMAND] Routine backup completed for encrypted network segment 4.
2026-06-19 21:03:11 [RECON_01] Weekly maintenance scheduled for main antenna grid.
2026-06-19 00:39:10 [RECON_01] Weekly maintenance scheduled for main antenna grid.
2026-06-19 16:03:07 [RECON_01] Encrypted packet sent to HQ: checksum 0xFA32.
2026-06-19 20:31:58 [STATION_DELTA] Automated telemetry update: battery level 98%.
2026-06-19 21:04:19 [PATROL_04] Radio signal check: frequency tuning successful.
2026-06-19 12:51:48 [STATION_DELTA] Weekly maintenance scheduled for main antenna grid.
2026-06-19 22:43:46 [PATROL_04] Encrypted packet sent to HQ: checksum 0xFA32.
2026-06-19 22:24:03 [COMMAND] Automated telemetry update: battery level 98%.
2026-06-19 22:11:44 [PATROL_04] Routine backup completed for encrypted network segment 4.
2026-06-19 21:22:53 [STATION_GAMMA] Weather report: Wind speed 14 knots, clear skies.
2026-06-19 15:43:47 [PATROL_04] Security sweep of Perimeter Zone C completed.
2026-06-19 12:49:37 [RECON_01] Security sweep of Perimeter Zone C completed.
2026-06-19 11:53:23 [PATROL_04] Routine backup completed for encrypted network segment 4.
2026-06-19 20:20:49 [RECON_01] Encrypted packet sent to HQ: checksum 0xFA32.
2026-06-19 06:59:38 [RECON_01] Encrypted packet sent to HQ: checksum 0xFA32.
2026-06-19 21:41:41 [PATROL_04] Patrol unit 02 reporting status: nominal.
2026-06-19 23:49:17 [COMMAND] Security sweep of Perimeter Zone C completed.
2026-06-19 04:25:59 [STATION_ALPHA] Routine backup completed for encrypted network segment 4.
2026-06-19 10:52:06 [COMMAND] Weather report: Wind speed 14 knots, clear skies.
2026-06-19 08:24:38 [STATION_DELTA] Encrypted packet sent to HQ: checksum 0xFA32.
2026-06-19 15:13:07 [STATION_DELTA] Encrypted packet sent to HQ: checksum 0xFA32.
2026-06-19 18:13:22 [STATION_ALPHA] Routine backup completed for encrypted network segment 4.
2026-06-19 03:53:10 [STATION_GAMMA] Radio signal check: frequency tuning successful.
2026-06-19 03:28:45 [STATION_DELTA] Encrypted packet sent to HQ: checksum 0xFA32.
2026-06-19 08:50:49 [STATION_BETA] Security sweep of Perimeter Zone C completed.
2026-06-19 16:10:26 [COMMAND] Weekly maintenance scheduled for main antenna grid.
2026-06-19 11:57:27 [RECON_01] Encrypted packet sent to HQ: checksum 0xFA32.
2026-06-19 02:27:53 [STATION_BETA] Weather report: Wind speed 14 knots, clear skies.
2026-06-19 01:07:13 [PATROL_04] Routine backup completed for encrypted network segment 4.
2026-06-19 00:35:50 [STATION_DELTA] Patrol unit 02 reporting status: nominal.
2026-06-19 15:16:42 [STATION_DELTA] Routine backup completed for encrypted network segment 4.
2026-06-19 17:20:57 [STATION_ALPHA] Patrol unit 02 reporting status: nominal.
2026-06-19 10:49:51 [STATION_DELTA] Weekly maintenance scheduled for main antenna grid.
2026-06-19 17:24:29 [PATROL_04] Automated telemetry update: battery level 98%.
2026-06-19 06:38:59 [STATION_DELTA] Automated telemetry update: battery level 98%.
2026-06-19 09:36:50 [STATION_ALPHA] Weekly maintenance scheduled for main antenna grid.
2026-06-19 23:04:46 [STATION_GAMMA] Radio signal check: frequency tuning successful.
2026-06-19 05:38:34 [STATION_BETA] Weather report: Wind speed 14 knots, clear skies.
2026-06-19 08:28:26 [STATION_ALPHA] Encrypted packet sent to HQ: checksum 0xFA32.
2026-06-19 12:52:24 [COMMAND] Weekly maintenance scheduled for main antenna grid.
2026-06-19 09:13:16 [STATION_ALPHA] Encrypted packet sent to HQ: checksum 0xFA32.
2026-06-19 03:39:49 [PATROL_04] Security sweep of Perimeter Zone C completed.
2026-06-19 15:08:32 [STATION_DELTA] Weekly maintenance scheduled for main antenna grid.
2026-06-19 00:03:15 [STATION_DELTA] Routine backup completed for encrypted network segment 4.
2026-06-19 19:36:14 [RECON_01] Routine backup completed for encrypted network segment 4.
2026-06-19 04:59:20 [STATION_DELTA] Weekly maintenance scheduled for main antenna grid.
2026-06-19 11:34:45 [PATROL_04] Weekly maintenance scheduled for main antenna grid.
2026-06-19 20:43:00 [RECON_01] Radio signal check: frequency tuning successful.
2026-06-19 00:04:10 [STATION_BETA] Weekly maintenance scheduled for main antenna grid.
2026-06-19 05:32:44 [STATION_DELTA] Weather report: Wind speed 14 knots, clear skies.
2026-06-19 09:14:11 [RECON_01] Weekly maintenance scheduled for main antenna grid.
2026-06-19 17:26:01 [STATION_GAMMA] Encrypted packet sent to HQ: checksum 0xFA32.
2026-06-19 23:36:28 [RECON_01] Patrol unit 02 reporting status: nominal.
2026-06-19 12:01:49 [STATION_ALPHA] Encrypted packet sent to HQ: checksum 0xFA32.
2026-06-19 08:15:27 [PATROL_04] Radio signal check: frequency tuning successful.
2026-06-19 21:09:51 [RECON_01] Weekly maintenance scheduled for main antenna grid.
2026-06-19 12:51:37 [STATION_ALPHA] Radio signal check: frequency tuning successful.
2026-06-19 11:16:50 [STATION_BETA] Radio signal check: frequency tuning successful.
2026-06-19 03:20:11 [STATION_ALPHA] Routine backup completed for encrypted network segment 4.
2026-06-19 21:30:22 [STATION_GAMMA] Radio signal check: frequency tuning successful.
2026-06-19 12:18:20 [STATION_DELTA] Encrypted packet sent to HQ: checksum 0xFA32.
2026-06-19 10:02:54 [STATION_ALPHA] Security sweep of Perimeter Zone C completed.
2026-06-19 07:48:43 [STATION_BETA] Encrypted packet sent to HQ: checksum 0xFA32.
2026-06-19 12:05:33 [RECON_01] Security sweep of Perimeter Zone C completed.
2026-06-19 11:09:28 [STATION_GAMMA] Automated telemetry update: battery level 98%.
2026-06-19 09:58:27 [RECON_01] Radio signal check: frequency tuning successful.
2026-06-19 20:38:00 [RECON_01] Patrol unit 02 reporting status: nominal.
2026-06-19 08:39:51 [STATION_ALPHA] Security sweep of Perimeter Zone C completed.
2026-06-19 16:29:43 [PATROL_04] Weather report: Wind speed 14 knots, clear skies.
2026-06-19 08:22:10 [STATION_DELTA] Encrypted packet sent to HQ: checksum 0xFA32.
2026-06-19 07:04:57 [COMMAND] Automated telemetry update: battery level 98%.
2026-06-19 09:00:29 [PATROL_04] Routine backup completed for encrypted network segment 4.
2026-06-19 04:00:34 [RECON_01] Weekly maintenance scheduled for main antenna grid.
2026-06-19 01:57:31 [RECON_01] Weather report: Wind speed 14 knots, clear skies.
2026-06-19 10:23:30 [STATION_BETA] Automated telemetry update: battery level 98%.
2026-06-19 06:47:46 [STATION_ALPHA] Weather report: Wind speed 14 knots, clear skies.
2026-06-19 08:17:47 [STATION_BETA] Radio signal check: frequency tuning successful.
2026-06-19 19:27:20 [PATROL_04] Encrypted packet sent to HQ: checksum 0xFA32.
2026-06-19 20:53:51 [STATION_BETA] Weekly maintenance scheduled for main antenna grid.
2026-06-19 16:50:32 [PATROL_04] Encrypted packet sent to HQ: checksum 0xFA32.
2026-06-19 08:13:36 [RECON_01] Security sweep of Perimeter Zone C completed.
2026-06-19 17:57:41 [STATION_DELTA] Weather report: Wind speed 14 knots, clear skies.
2026-06-19 20:40:08 [STATION_GAMMA] Automated telemetry update: battery level 98%.
2026-06-19 19:53:07 [STATION_DELTA] Security sweep of Perimeter Zone C completed.
2026-06-19 03:14:45 [RECON_01] Weather report: Wind speed 14 knots, clear skies.
2026-06-19 16:27:51 [PATROL_04] Weather report: Wind speed 14 knots, clear skies.
2026-06-19 05:09:49 [STATION_GAMMA] Patrol unit 02 reporting status: nominal.
2026-06-19 22:41:59 [STATION_DELTA] Routine backup completed for encrypted network segment 4.
2026-06-19 05:32:20 [STATION_ALPHA] Radio signal check: frequency tuning successful.
2026-06-19 19:56:24 [STATION_GAMMA] Weekly maintenance scheduled for main antenna grid.
2026-06-19 23:19:27 [COMMAND] Patrol unit 02 reporting status: nominal.
2026-06-19 00:30:52 [PATROL_04] Weather report: Wind speed 14 knots, clear skies.
2026-06-19 14:34:53 [STATION_DELTA] Encrypted packet sent to HQ: checksum 0xFA32.
2026-06-19 10:48:42 [STATION_ALPHA] Automated telemetry update: battery level 98%.
2026-06-19 06:34:12 [COMMAND] Encrypted packet sent to HQ: checksum 0xFA32.
2026-06-19 09:47:32 [STATION_BETA] Routine backup completed for encrypted network segment 4.
2026-06-19 04:59:41 [STATION_BETA] Security sweep of Perimeter Zone C completed.
2026-06-19 15:28:18 [STATION_BETA] Encrypted packet sent to HQ: checksum 0xFA32.
2026-06-19 08:53:00 [PATROL_04] Encrypted packet sent to HQ: checksum 0xFA32.
2026-06-19 05:06:57 [PATROL_04] Radio signal check: frequency tuning successful.
2026-06-19 13:10:36 [STATION_ALPHA] Encrypted packet sent to HQ: checksum 0xFA32.
2026-06-19 01:26:15 [STATION_GAMMA] Weekly maintenance scheduled for main antenna grid.
2026-06-19 07:40:53 [STATION_DELTA] Encrypted packet sent to HQ: checksum 0xFA32.
2026-06-19 00:01:51 [STATION_GAMMA] Encrypted packet sent to HQ: checksum 0xFA32.
2026-06-19 05:59:09 [STATION_BETA] Encrypted packet sent to HQ: checksum 0xFA32.
2026-06-19 15:20:52 [STATION_BETA] Radio signal check: frequency tuning successful.
2026-06-19 12:06:49 [COMMAND] Weekly maintenance scheduled for main antenna grid.
2026-06-19 23:13:55 [STATION_GAMMA] Patrol unit 02 reporting status: nominal.
2026-06-19 14:35:29 [RECON_01] Encrypted packet sent to HQ: checksum 0xFA32.
2026-06-19 14:05:24 [STATION_GAMMA] Security sweep of Perimeter Zone C completed.
2026-06-19 00:29:26 [STATION_GAMMA] Patrol unit 02 reporting status: nominal.
2026-06-19 03:06:56 [STATION_BETA] Routine backup completed for encrypted network segment 4.
2026-06-19 06:38:26 [PATROL_04] Patrol unit 02 reporting status: nominal.
2026-06-19 10:36:10 [STATION_ALPHA] Patrol unit 02 reporting status: nominal.
2026-06-19 09:30:20 [STATION_ALPHA] Encrypted packet sent to HQ: checksum 0xFA32.
2026-06-19 06:03:18 [STATION_DELTA] Patrol unit 02 reporting status: nominal.
2026-06-19 02:54:23 [COMMAND] Weather report: Wind speed 14 knots, clear skies.
2026-06-19 14:05:22 [PATROL_04] Encrypted packet sent to HQ: checksum 0xFA32.
2026-06-19 22:58:41 [COMMAND] Patrol unit 02 reporting status: nominal.
2026-06-19 08:41:17 [STATION_BETA] Security sweep of Perimeter Zone C completed.
2026-06-19 16:19:07 [PATROL_04] Encrypted packet sent to HQ: checksum 0xFA32.
2026-06-19 16:35:45 [STATION_GAMMA] Weather report: Wind speed 14 knots, clear skies.
2026-06-19 06:30:07 [RECON_01] Weather report: Wind speed 14 knots, clear skies.
2026-06-19 08:12:15 [RECON_01] Routine backup completed for encrypted network segment 4.
2026-06-19 02:21:34 [COMMAND] Weekly maintenance scheduled for main antenna grid.
2026-06-19 08:10:40 [STATION_BETA] Patrol unit 02 reporting status: nominal.
2026-06-19 18:30:57 [STATION_ALPHA] Weather report: Wind speed 14 knots, clear skies.
2026-06-19 21:21:38 [STATION_GAMMA] Automated telemetry update: battery level 98%.
2026-06-19 16:59:01 [STATION_ALPHA] Patrol unit 02 reporting status: nominal.
2026-06-19 01:57:47 [PATROL_04] Security sweep of Perimeter Zone C completed.
2026-06-19 06:30:53 [STATION_ALPHA] Weather report: Wind speed 14 knots, clear skies.
2026-06-19 03:19:49 [COMMAND] Weekly maintenance scheduled for main antenna grid.
2026-06-19 14:08:57 [RECON_01] Security sweep of Perimeter Zone C completed.
2026-06-19 18:34:46 [STATION_DELTA] Automated telemetry update: battery level 98%.
2026-06-19 17:09:58 [STATION_ALPHA] Automated telemetry update: battery level 98%.
2026-06-19 22:46:26 [STATION_ALPHA] Encrypted packet sent to HQ: checksum 0xFA32.
2026-06-19 05:19:50 [RECON_01] Routine backup completed for encrypted network segment 4.
2026-06-19 03:12:34 [COMMAND] Patrol unit 02 reporting status: nominal.
2026-06-19 16:50:21 [PATROL_04] Weekly maintenance scheduled for main antenna grid.
2026-06-19 20:29:01 [STATION_GAMMA] Patrol unit 02 reporting status: nominal.
2026-06-19 08:45:22 [COMMAND] Security sweep of Perimeter Zone C completed.
2026-06-19 02:25:08 [RECON_01] Weekly maintenance scheduled for main antenna grid.
2026-06-19 17:00:42 [RECON_01] Encrypted packet sent to HQ: checksum 0xFA32.
2026-06-19 13:47:20 [COMMAND] Weekly maintenance scheduled for main antenna grid.
2026-06-19 22:26:38 [COMMAND] Weather report: Wind speed 14 knots, clear skies.
2026-06-19 00:47:18 [PATROL_04] Weather report: Wind speed 14 knots, clear skies.
2026-06-19 02:29:06 [STATION_ALPHA] Weather report: Wind speed 14 knots, clear skies.
2026-06-19 19:38:41 [STATION_GAMMA] Weather report: Wind speed 14 knots, clear skies.
2026-06-19 23:39:59 [PATROL_04] Patrol unit 02 reporting status: nominal.
2026-06-19 21:56:55 [STATION_DELTA] Security sweep of Perimeter Zone C completed.
2026-06-19 10:11:41 [STATION_ALPHA] Weekly maintenance scheduled for main antenna grid.
2026-06-19 11:36:07 [RECON_01] Patrol unit 02 reporting status: nominal.
2026-06-19 03:16:08 [PATROL_04] Encrypted packet sent to HQ: checksum 0xFA32.
2026-06-19 06:05:36 [STATION_ALPHA] Patrol unit 02 reporting status: nominal.
2026-06-19 20:34:05 [STATION_DELTA] Radio signal check: frequency tuning successful.
2026-06-19 18:25:36 [RECON_01] Weather report: Wind speed 14 knots, clear skies.
2026-06-19 22:12:07 [PATROL_04] Automated telemetry update: battery level 98%.
2026-06-19 05:26:33 [STATION_BETA] Weather report: Wind speed 14 knots, clear skies.
2026-06-19 15:45:03 [PATROL_04] Automated telemetry update: battery level 98%.
2026-06-19 22:30:54 [PATROL_04] Security sweep of Perimeter Zone C completed.
2026-06-19 14:59:35 [PATROL_04] Encrypted packet sent to HQ: checksum 0xFA32.
2026-06-19 07:53:19 [STATION_DELTA] Radio signal check: frequency tuning successful.
2026-06-19 07:39:43 [COMMAND] Automated telemetry update: battery level 98%.
2026-06-19 03:57:10 [COMMAND] Weather report: Wind speed 14 knots, clear skies.
2026-06-19 05:56:12 [STATION_DELTA] Routine backup completed for encrypted network segment 4.
2026-06-19 01:01:40 [STATION_GAMMA] Automated telemetry update: battery level 98%.
2026-06-19 07:05:17 [RECON_01] Weekly maintenance scheduled for main antenna grid.
2026-06-19 03:34:48 [STATION_BETA] Radio signal check: frequency tuning successful.
2026-06-19 23:02:04 [STATION_BETA] Radio signal check: frequency tuning successful.
2026-06-19 02:29:06 [STATION_ALPHA] Patrol unit 02 reporting status: nominal.
2026-06-19 14:18:17 [STATION_GAMMA] Automated telemetry update: battery level 98%.
2026-06-19 06:41:16 [STATION_GAMMA] Encrypted packet sent to HQ: checksum 0xFA32.
2026-06-19 17:29:09 [STATION_BETA] Routine backup completed for encrypted network segment 4.
2026-06-19 23:29:29 [STATION_DELTA] Routine backup completed for encrypted network segment 4.
2026-06-19 12:42:00 [STATION_ALPHA] Radio signal check: frequency tuning successful.
2026-06-19 11:12:47 [PATROL_04] Automated telemetry update: battery level 98%.
2026-06-19 22:47:12 [STATION_BETA] Encrypted packet sent to HQ: checksum 0xFA32.
2026-06-19 20:44:45 [STATION_BETA] Patrol unit 02 reporting status: nominal.
2026-06-19 23:40:18 [STATION_BETA] Weather report: Wind speed 14 knots, clear skies.
2026-06-19 16:34:11 [STATION_ALPHA] Security sweep of Perimeter Zone C completed.
2026-06-19 04:45:49 [RECON_01] Routine backup completed for encrypted network segment 4.
2026-06-19 14:11:06 [STATION_BETA] Patrol unit 02 reporting status: nominal.
2026-06-19 17:51:21 [STATION_ALPHA] Security sweep of Perimeter Zone C completed.
2026-06-19 08:02:08 [PATROL_04] Routine backup completed for encrypted network segment 4.
2026-06-19 10:06:58 [COMMAND] Security sweep of Perimeter Zone C completed.
2026-06-19 10:48:10 [PATROL_04] Radio signal check: frequency tuning successful.
2026-06-19 15:39:46 [COMMAND] Automated telemetry update: battery level 98%.
2026-06-19 02:03:35 [RECON_01] Security sweep of Perimeter Zone C completed.
2026-06-19 11:24:40 [RECON_01] Security sweep of Perimeter Zone C completed.
2026-06-19 12:52:17 [STATION_DELTA] Patrol unit 02 reporting status: nominal.
2026-06-19 17:48:21 [STATION_BETA] Weather report: Wind speed 14 knots, clear skies.
2026-06-19 00:10:08 [COMMAND] Radio signal check: frequency tuning successful.
2026-06-19 20:09:15 [STATION_GAMMA] Patrol unit 02 reporting status: nominal.
2026-06-19 05:27:08 [STATION_BETA] Security sweep of Perimeter Zone C completed.
2026-06-19 03:17:18 [PATROL_04] Patrol unit 02 reporting status: nominal.
2026-06-19 06:57:23 [STATION_DELTA] Automated telemetry update: battery level 98%.
2026-06-19 19:38:55 [COMMAND] Routine backup completed for encrypted network segment 4.
2026-06-19 19:13:14 [STATION_ALPHA] Radio signal check: frequency tuning successful.
2026-06-19 01:48:10 [STATION_ALPHA] Radio signal check: frequency tuning successful.
2026-06-19 14:11:38 [STATION_DELTA] Encrypted packet sent to HQ: checksum 0xFA32.
2026-06-19 11:57:14 [RECON_01] Radio signal check: frequency tuning successful.
2026-06-19 17:37:26 [PATROL_04] Security sweep of Perimeter Zone C completed.
2026-06-19 13:58:59 [RECON_01] Patrol unit 02 reporting status: nominal.
2026-06-19 11:17:36 [STATION_DELTA] Radio signal check: frequency tuning successful.
2026-06-19 19:03:00 [COMMAND] Patrol unit 02 reporting status: nominal.
2026-06-19 20:09:39 [PATROL_04] Routine backup completed for encrypted network segment 4.
2026-06-19 19:19:44 [STATION_BETA] Automated telemetry update: battery level 98%.
2026-06-19 00:29:22 [COMMAND] Patrol unit 02 reporting status: nominal.
2026-06-19 13:02:27 [RECON_01] Encrypted packet sent to HQ: checksum 0xFA32.
2026-06-19 00:59:20 [STATION_ALPHA] Weekly maintenance scheduled for main antenna grid.
2026-06-19 18:09:46 [STATION_BETA] Weather report: Wind speed 14 knots, clear skies.
2026-06-19 19:32:02 [RECON_01] Encrypted packet sent to HQ: checksum 0xFA32.
2026-06-19 02:51:17 [STATION_ALPHA] Patrol unit 02 reporting status: nominal.
2026-06-19 06:12:31 [STATION_DELTA] Encrypted packet sent to HQ: checksum 0xFA32.
2026-06-19 13:55:14 [STATION_DELTA] Weather report: Wind speed 14 knots, clear skies.
2026-06-19 13:14:27 [STATION_DELTA] Encrypted packet sent to HQ: checksum 0xFA32.
2026-06-19 12:30:35 [STATION_BETA] Automated telemetry update: battery level 98%.
2026-06-19 07:53:20 [PATROL_04] Radio signal check: frequency tuning successful.
2026-06-19 22:35:36 [STATION_GAMMA] Weather report: Wind speed 14 knots, clear skies.
2026-06-19 10:51:03 [PATROL_04] Weekly maintenance scheduled for main antenna grid.
2026-06-19 17:30:55 [STATION_DELTA] Weekly maintenance scheduled for main antenna grid.
2026-06-19 22:45:42 [PATROL_04] Security sweep of Perimeter Zone C completed.
2026-06-19 02:40:41 [STATION_ALPHA] Weekly maintenance scheduled for main antenna grid.
2026-06-19 20:13:25 [STATION_ALPHA] Routine backup completed for encrypted network segment 4.
2026-06-19 01:25:49 [PATROL_04] Radio signal check: frequency tuning successful.
2026-06-19 17:06:40 [STATION_GAMMA] Weekly maintenance scheduled for main antenna grid.
2026-06-19 03:46:19 [PATROL_04] Security sweep of Perimeter Zone C completed.
2026-06-19 09:43:47 [PATROL_04] Encrypted packet sent to HQ: checksum 0xFA32.
2026-06-19 09:10:27 [STATION_ALPHA] Radio signal check: frequency tuning successful.
2026-06-19 07:55:15 [STATION_ALPHA] Weather report: Wind speed 14 knots, clear skies.
2026-06-19 13:40:52 [STATION_GAMMA] Automated telemetry update: battery level 98%.
2026-06-19 20:04:15 [STATION_GAMMA] Patrol unit 02 reporting status: nominal.
2026-06-19 06:28:03 [COMMAND] Encrypted packet sent to HQ: checksum 0xFA32.
2026-06-19 05:02:19 [STATION_BETA] Radio signal check: frequency tuning successful.
2026-06-19 15:00:08 [STATION_ALPHA] Patrol unit 02 reporting status: nominal.
2026-06-19 17:05:27 [STATION_BETA] Automated telemetry update: battery level 98%.
2026-06-19 15:22:10 [STATION_DELTA] Automated telemetry update: battery level 98%.
2026-06-19 01:54:50 [STATION_GAMMA] Patrol unit 02 reporting status: nominal.
2026-06-19 15:54:28 [STATION_DELTA] Radio signal check: frequency tuning successful.
2026-06-19 15:06:56 [STATION_ALPHA] Automated telemetry update: battery level 98%.
2026-06-19 16:51:05 [STATION_BETA] Security sweep of Perimeter Zone C completed.
2026-06-19 19:41:42 [COMMAND] Security sweep of Perimeter Zone C completed.
2026-06-19 15:14:45 [STATION_GAMMA] Routine backup completed for encrypted network segment 4.
2026-06-19 22:37:26 [COMMAND] Patrol unit 02 reporting status: nominal.
2026-06-19 08:23:42 [COMMAND] Security sweep of Perimeter Zone C completed.
2026-06-19 06:38:13 [COMMAND] Automated telemetry update: battery level 98%.
2026-06-19 02:45:52 [PATROL_04] Security sweep of Perimeter Zone C completed.
2026-06-19 22:47:44 [STATION_BETA] Routine backup completed for encrypted network segment 4.
2026-06-19 11:46:18 [STATION_DELTA] Patrol unit 02 reporting status: nominal.
2026-06-19 01:43:30 [PATROL_04] Weather report: Wind speed 14 knots, clear skies.
2026-06-19 04:13:18 [COMMAND] Automated telemetry update: battery level 98%.
2026-06-19 00:32:50 [STATION_GAMMA] Weather report: Wind speed 14 knots, clear skies.
2026-06-19 17:42:16 [COMMAND] Routine backup completed for encrypted network segment 4.
2026-06-19 21:28:52 [STATION_GAMMA] Weekly maintenance scheduled for main antenna grid.
2026-06-19 19:47:01 [STATION_DELTA] Automated telemetry update: battery level 98%.
2026-06-19 06:50:07 [RECON_01] Weekly maintenance scheduled for main antenna grid.
2026-06-19 14:18:18 [STATION_BETA] Weather report: Wind speed 14 knots, clear skies.
2026-06-19 02:52:05 [PATROL_04] Weekly maintenance scheduled for main antenna grid.
2026-06-19 01:36:22 [COMMAND] Routine backup completed for encrypted network segment 4.
2026-06-19 10:55:49 [PATROL_04] Automated telemetry update: battery level 98%.
2026-06-19 18:22:33 [STATION_DELTA] Security sweep of Perimeter Zone C completed.
2026-06-19 16:12:20 [STATION_DELTA] Encrypted packet sent to HQ: checksum 0xFA32.
2026-06-19 22:21:38 [RECON_01] Radio signal check: frequency tuning successful.
2026-06-19 10:36:15 [STATION_DELTA] Routine backup completed for encrypted network segment 4.
2026-06-19 04:24:03 [PATROL_04] Weekly maintenance scheduled for main antenna grid.
2026-06-19 20:03:13 [STATION_GAMMA] Automated telemetry update: battery level 98%.
2026-06-19 01:32:00 [PATROL_04] Automated telemetry update: battery level 98%.
2026-06-19 11:37:54 [STATION_DELTA] Radio signal check: frequency tuning successful.
2026-06-19 02:41:57 [STATION_BETA] Weekly maintenance scheduled for main antenna grid.
2026-06-19 11:01:31 [STATION_DELTA] Automated telemetry update: battery level 98%.
2026-06-19 13:23:54 [STATION_ALPHA] Patrol unit 02 reporting status: nominal.
2026-06-19 08:46:32 [PATROL_04] Automated telemetry update: battery level 98%.
2026-06-19 05:38:11 [COMMAND] Radio signal check: frequency tuning successful.
2026-06-19 21:26:59 [STATION_ALPHA] Encrypted packet sent to HQ: checksum 0xFA32.
2026-06-19 17:40:22 [STATION_BETA] Patrol unit 02 reporting status: nominal.
2026-06-19 14:28:58 [COMMAND] Routine backup completed for encrypted network segment 4.
2026-06-19 17:37:39 [RECON_01] Encrypted packet sent to HQ: checksum 0xFA32.
2026-06-19 10:34:57 [STATION_ALPHA] Routine backup completed for encrypted network segment 4.
2026-06-19 20:08:32 [STATION_ALPHA] Weekly maintenance scheduled for main antenna grid.
2026-06-19 12:40:12 [STATION_ALPHA] Automated telemetry update: battery level 98%.
2026-06-19 21:07:38 [COMMAND] Encrypted packet sent to HQ: checksum 0xFA32.
2026-06-19 08:13:59 [STATION_GAMMA] Weekly maintenance scheduled for main antenna grid.
2026-06-19 11:54:43 [STATION_GAMMA] Weather report: Wind speed 14 knots, clear skies.
2026-06-19 21:12:35 [STATION_GAMMA] Security sweep of Perimeter Zone C completed.
2026-06-19 08:04:10 [RECON_01] Radio signal check: frequency tuning successful.
2026-06-19 03:32:51 [PATROL_04] Security sweep of Perimeter Zone C completed.
2026-06-19 07:00:20 [STATION_GAMMA] Automated telemetry update: battery level 98%.
2026-06-19 12:51:36 [STATION_ALPHA] Automated telemetry update: battery level 98%.
2026-06-19 21:16:07 [STATION_DELTA] Routine backup completed for encrypted network segment 4.
2026-06-19 20:39:06 [STATION_DELTA] Security sweep of Perimeter Zone C completed.
2026-06-19 18:55:01 [STATION_ALPHA] Patrol unit 02 reporting status: nominal.
2026-06-19 16:03:55 [STATION_DELTA] Automated telemetry update: battery level 98%.
2026-06-19 19:19:12 [STATION_DELTA] Automated telemetry update: battery level 98%.
2026-06-19 22:42:30 [COMMAND] Patrol unit 02 reporting status: nominal.
2026-06-19 13:35:29 [STATION_DELTA] Radio signal check: frequency tuning successful.
2026-06-19 06:34:02 [STATION_DELTA] Automated telemetry update: battery level 98%.
2026-06-19 06:37:55 [STATION_ALPHA] Routine backup completed for encrypted network segment 4.
2026-06-19 00:47:35 [RECON_01] Routine backup completed for encrypted network segment 4.
2026-06-19 23:58:48 [STATION_BETA] Automated telemetry update: battery level 98%.
2026-06-19 10:12:29 [RECON_01] Routine backup completed for encrypted network segment 4.
2026-06-19 10:00:36 [COMMAND] Automated telemetry update: battery level 98%.
2026-06-19 14:12:20 [STATION_GAMMA] Automated telemetry update: battery level 98%.
2026-06-19 09:03:19 [COMMAND] Encrypted packet sent to HQ: checksum 0xFA32.
2026-06-19 10:48:34 [STATION_DELTA] Encrypted packet sent to HQ: checksum 0xFA32.
2026-06-19 22:35:38 [PATROL_04] Routine backup completed for encrypted network segment 4.
2026-06-19 02:15:17 [STATION_DELTA] Security sweep of Perimeter Zone C completed.
2026-06-19 17:36:17 [STATION_DELTA] Routine backup completed for encrypted network segment 4.
2026-06-19 00:21:14 [PATROL_04] Security sweep of Perimeter Zone C completed.
2026-06-19 09:32:43 [STATION_DELTA] Radio signal check: frequency tuning successful.
2026-06-19 19:07:05 [STATION_ALPHA] Weather report: Wind speed 14 knots, clear skies.
2026-06-19 01:57:48 [STATION_GAMMA] Encrypted packet sent to HQ: checksum 0xFA32.
2026-06-19 07:14:07 [STATION_DELTA] Weekly maintenance scheduled for main antenna grid.
2026-06-19 03:39:14 [RECON_01] Patrol unit 02 reporting status: nominal.
2026-06-19 19:43:07 [STATION_BETA] Radio signal check: frequency tuning successful.
2026-06-19 18:09:40 [PATROL_04] Automated telemetry update: battery level 98%.
2026-06-19 07:18:03 [STATION_DELTA] Radio signal check: frequency tuning successful.
2026-06-19 10:06:04 [PATROL_04] Weekly maintenance scheduled for main antenna grid.
2026-06-19 12:33:44 [STATION_GAMMA] Patrol unit 02 reporting status: nominal.
2026-06-19 03:51:14 [PATROL_04] Security sweep of Perimeter Zone C completed.
2026-06-19 16:29:50 [PATROL_04] Weather report: Wind speed 14 knots, clear skies.
2026-06-19 16:52:16 [RECON_01] Weather report: Wind speed 14 knots, clear skies.
2026-06-19 11:36:26 [STATION_ALPHA] Weekly maintenance scheduled for main antenna grid.
2026-06-19 23:33:46 [COMMAND] Weekly maintenance scheduled for main antenna grid.
2026-06-19 14:53:39 [PATROL_04] Weekly maintenance scheduled for main antenna grid.
2026-06-19 21:28:06 [RECON_01] Weather report: Wind speed 14 knots, clear skies.
2026-06-19 18:23:55 [STATION_ALPHA] Routine backup completed for encrypted network segment 4.
2026-06-19 02:16:32 [COMMAND] Routine backup completed for encrypted network segment 4.
2026-06-19 03:13:18 [STATION_ALPHA] Routine backup completed for encrypted network segment 4.
2026-06-19 10:24:11 [STATION_ALPHA] Automated telemetry update: battery level 98%.
2026-06-19 09:22:54 [STATION_GAMMA] Weather report: Wind speed 14 knots, clear skies.
2026-06-19 03:51:57 [STATION_ALPHA] Patrol unit 02 reporting status: nominal.
2026-06-19 05:13:37 [PATROL_04] Weekly maintenance scheduled for main antenna grid.
2026-06-19 11:24:10 [STATION_BETA] Weekly maintenance scheduled for main antenna grid.
2026-06-19 21:50:58 [PATROL_04] Security sweep of Perimeter Zone C completed.
2026-06-19 05:23:14 [COMMAND] Weekly maintenance scheduled for main antenna grid.
2026-06-19 01:10:46 [STATION_GAMMA] Encrypted packet sent to HQ: checksum 0xFA32.
2026-06-19 17:42:49 [STATION_ALPHA] Weather report: Wind speed 14 knots, clear skies.
2026-06-19 19:15:42 [STATION_GAMMA] Encrypted packet sent to HQ: checksum 0xFA32.
2026-06-19 11:13:11 [STATION_GAMMA] Encrypted packet sent to HQ: checksum 0xFA32.
2026-06-19 12:35:02 [STATION_BETA] Radio signal check: frequency tuning successful.
2026-06-19 12:30:17 [STATION_DELTA] Automated telemetry update: battery level 98%.
2026-06-19 12:25:10 [RECON_01] Security sweep of Perimeter Zone C completed.
2026-06-19 01:44:12 [PATROL_04] Radio signal check: frequency tuning successful.
2026-06-19 12:07:22 [STATION_DELTA] Patrol unit 02 reporting status: nominal.
2026-06-19 09:52:17 [STATION_ALPHA] Weather report: Wind speed 14 knots, clear skies.
2026-06-19 11:33:58 [STATION_GAMMA] Radio signal check: frequency tuning successful.
2026-06-19 02:11:19 [STATION_DELTA] Patrol unit 02 reporting status: nominal.
2026-06-19 20:03:41 [STATION_GAMMA] Weekly maintenance scheduled for main antenna grid.
2026-06-19 17:28:03 [STATION_ALPHA] Security sweep of Perimeter Zone C completed.
2026-06-19 15:49:27 [PATROL_04] Security sweep of Perimeter Zone C completed.
2026-06-19 07:00:58 [RECON_01] Radio signal check: frequency tuning successful.
2026-06-19 04:04:44 [COMMAND] Security sweep of Perimeter Zone C completed.
2026-06-19 17:54:55 [COMMAND] Patrol unit 02 reporting status: nominal.
2026-06-19 16:34:25 [COMMAND] Weather report: Wind speed 14 knots, clear skies.
2026-06-19 07:55:18 [STATION_DELTA] Routine backup completed for encrypted network segment 4.
2026-06-19 04:25:33 [STATION_BETA] Security sweep of Perimeter Zone C completed.
2026-06-19 22:57:33 [STATION_DELTA] Radio signal check: frequency tuning successful.
2026-06-19 13:29:47 [PATROL_04] Automated telemetry update: battery level 98%.
2026-06-19 03:23:44 [PATROL_04] Routine backup completed for encrypted network segment 4.
2026-06-19 15:27:24 [STATION_DELTA] Weekly maintenance scheduled for main antenna grid.
2026-06-19 14:30:49 [STATION_BETA] Weather report: Wind speed 14 knots, clear skies.
2026-06-19 00:11:15 [PATROL_04] Radio signal check: frequency tuning successful.
2026-06-19 14:45:33 [STATION_GAMMA] Radio signal check: frequency tuning successful.
2026-06-19 21:11:02 [STATION_BETA] Encrypted packet sent to HQ: checksum 0xFA32.
2026-06-19 14:43:12 [RECON_01] Automated telemetry update: battery level 98%.
2026-06-19 23:28:54 [PANTHEON] INTERCEPT: "Device planted. Target coordinates: Lat 46.20, Lon 06.14. Awaiting extraction."
2026-06-19 06:52:18 [COMMAND] Radio signal check: frequency tuning successful.
2026-06-19 19:08:03 [PATROL_04] Routine backup completed for encrypted network segment 4.
2026-06-19 10:45:00 [STATION_GAMMA] Routine backup completed for encrypted network segment 4.
2026-06-19 22:41:54 [RECON_01] Security sweep of Perimeter Zone C completed.
2026-06-19 00:34:16 [STATION_GAMMA] Weekly maintenance scheduled for main antenna grid.
2026-06-19 19:54:13 [STATION_ALPHA] Radio signal check: frequency tuning successful.
2026-06-19 05:02:28 [COMMAND] Radio signal check: frequency tuning successful.
2026-06-19 13:17:02 [PATROL_04] Routine backup completed for encrypted network segment 4.
2026-06-19 20:17:39 [PATROL_04] Radio signal check: frequency tuning successful.
2026-06-19 02:10:59 [PATROL_04] Routine backup completed for encrypted network segment 4.
2026-06-19 13:34:31 [STATION_DELTA] Security sweep of Perimeter Zone C completed.
2026-06-19 11:19:23 [STATION_DELTA] Automated telemetry update: battery level 98%.
2026-06-19 17:44:53 [RECON_01] Weather report: Wind speed 14 knots, clear skies.
2026-06-19 12:47:00 [STATION_ALPHA] Patrol unit 02 reporting status: nominal.
2026-06-19 23:43:55 [STATION_DELTA] Automated telemetry update: battery level 98%.
2026-06-19 21:47:57 [RECON_01] Routine backup completed for encrypted network segment 4.
2026-06-19 12:21:13 [STATION_GAMMA] Security sweep of Perimeter Zone C completed.
2026-06-19 14:10:34 [COMMAND] Patrol unit 02 reporting status: nominal.
2026-06-19 10:03:38 [COMMAND] Radio signal check: frequency tuning successful.
2026-06-19 13:14:50 [STATION_DELTA] Weekly maintenance scheduled for main antenna grid.
2026-06-19 19:40:48 [PATROL_04] Routine backup completed for encrypted network segment 4.
2026-06-19 14:23:32 [STATION_ALPHA] Routine backup completed for encrypted network segment 4.
2026-06-19 03:46:03 [STATION_DELTA] Encrypted packet sent to HQ: checksum 0xFA32.
2026-06-19 02:22:12 [PATROL_04] Patrol unit 02 reporting status: nominal.
2026-06-19 18:07:04 [PATROL_04] Routine backup completed for encrypted network segment 4.
2026-06-19 06:38:20 [STATION_GAMMA] Security sweep of Perimeter Zone C completed.
2026-06-19 00:52:59 [STATION_ALPHA] Radio signal check: frequency tuning successful.
2026-06-19 21:03:39 [RECON_01] Encrypted packet sent to HQ: checksum 0xFA32.
2026-06-19 22:26:38 [STATION_ALPHA] Automated telemetry update: battery level 98%.
2026-06-19 12:13:33 [STATION_BETA] Routine backup completed for encrypted network segment 4.
2026-06-19 20:40:21 [PATROL_04] Radio signal check: frequency tuning successful.
2026-06-19 20:43:54 [COMMAND] Routine backup completed for encrypted network segment 4.
2026-06-19 12:38:29 [STATION_DELTA] Encrypted packet sent to HQ: checksum 0xFA32.
2026-06-19 23:53:16 [STATION_ALPHA] Routine backup completed for encrypted network segment 4.
2026-06-19 15:35:05 [STATION_ALPHA] Encrypted packet sent to HQ: checksum 0xFA32.
2026-06-19 18:51:36 [STATION_ALPHA] Routine backup completed for encrypted network segment 4.
2026-06-19 06:31:51 [STATION_GAMMA] Patrol unit 02 reporting status: nominal.
2026-06-19 10:33:09 [COMMAND] Security sweep of Perimeter Zone C completed.
2026-06-19 04:01:46 [STATION_DELTA] Radio signal check: frequency tuning successful.
2026-06-19 17:50:30 [STATION_ALPHA] Security sweep of Perimeter Zone C completed.
2026-06-19 12:59:24 [RECON_01] Weather report: Wind speed 14 knots, clear skies.
2026-06-19 01:49:42 [PATROL_04] Weekly maintenance scheduled for main antenna grid.
2026-06-19 15:12:01 [RECON_01] Weather report: Wind speed 14 knots, clear skies.
2026-06-19 15:07:34 [COMMAND] Routine backup completed for encrypted network segment 4.
2026-06-19 08:13:50 [STATION_DELTA] Automated telemetry update: battery level 98%.
2026-06-19 14:40:39 [COMMAND] Security sweep of Perimeter Zone C completed.
2026-06-19 14:54:59 [STATION_BETA] Encrypted packet sent to HQ: checksum 0xFA32.
2026-06-19 18:00:53 [STATION_GAMMA] Automated telemetry update: battery level 98%.
2026-06-19 03:47:32 [RECON_01] Weekly maintenance scheduled for main antenna grid.
2026-06-19 10:22:42 [STATION_DELTA] Weather report: Wind speed 14 knots, clear skies.
2026-06-19 03:42:56 [PATROL_04] Routine backup completed for encrypted network segment 4.
2026-06-19 15:12:29 [COMMAND] Automated telemetry update: battery level 98%.
2026-06-19 05:20:12 [STATION_BETA] Weather report: Wind speed 14 knots, clear skies.
2026-06-19 18:28:12 [PATROL_04] Security sweep of Perimeter Zone C completed.
2026-06-19 14:34:07 [STATION_BETA] Security sweep of Perimeter Zone C completed.
2026-06-19 07:16:30 [RECON_01] Routine backup completed for encrypted network segment 4.
2026-06-19 23:40:16 [COMMAND] Encrypted packet sent to HQ: checksum 0xFA32.
2026-06-19 22:18:28 [RECON_01] Routine backup completed for encrypted network segment 4.
2026-06-19 03:46:58 [STATION_DELTA] Weather report: Wind speed 14 knots, clear skies.
2026-06-19 10:26:31 [STATION_DELTA] Radio signal check: frequency tuning successful.
2026-06-19 13:14:56 [RECON_01] Radio signal check: frequency tuning successful.
2026-06-19 07:29:43 [STATION_ALPHA] Routine backup completed for encrypted network segment 4.
2026-06-19 07:54:49 [STATION_DELTA] Patrol unit 02 reporting status: nominal.
2026-06-19 13:47:33 [STATION_GAMMA] Radio signal check: frequency tuning successful.
2026-06-19 03:07:06 [STATION_BETA] Patrol unit 02 reporting status: nominal.
2026-06-19 00:13:45 [STATION_BETA] Routine backup completed for encrypted network segment 4.
2026-06-19 20:32:57 [STATION_BETA] Encrypted packet sent to HQ: checksum 0xFA32.
2026-06-19 23:33:33 [COMMAND] Weather report: Wind speed 14 knots, clear skies.
2026-06-19 02:51:18 [STATION_ALPHA] Routine backup completed for encrypted network segment 4.
2026-06-19 07:06:59 [STATION_BETA] Automated telemetry update: battery level 98%.
2026-06-19 16:03:34 [RECON_01] Automated telemetry update: battery level 98%.
2026-06-19 20:33:49 [STATION_GAMMA] Security sweep of Perimeter Zone C completed.
2026-06-19 02:30:36 [STATION_GAMMA] Weather report: Wind speed 14 knots, clear skies.
2026-06-19 13:30:27 [STATION_GAMMA] Security sweep of Perimeter Zone C completed.
2026-06-19 15:18:53 [STATION_ALPHA] Patrol unit 02 reporting status: nominal.
2026-06-19 20:33:36 [STATION_ALPHA] Patrol unit 02 reporting status: nominal.
2026-06-19 22:58:27 [STATION_DELTA] Routine backup completed for encrypted network segment 4.
2026-06-19 05:57:59 [STATION_GAMMA] Weather report: Wind speed 14 knots, clear skies.
2026-06-19 18:54:50 [STATION_ALPHA] Weekly maintenance scheduled for main antenna grid.
2026-06-19 06:38:25 [COMMAND] Weekly maintenance scheduled for main antenna grid.
2026-06-19 05:59:25 [STATION_GAMMA] Radio signal check: frequency tuning successful.
2026-06-19 01:53:48 [RECON_01] Security sweep of Perimeter Zone C completed.
2026-06-19 09:30:13 [COMMAND] Weather report: Wind speed 14 knots, clear skies.
2026-06-19 01:05:47 [STATION_BETA] Radio signal check: frequency tuning successful.
2026-06-19 23:40:48 [STATION_GAMMA] Radio signal check: frequency tuning successful.
2026-06-19 04:50:24 [STATION_ALPHA] Weekly maintenance scheduled for main antenna grid.
2026-06-19 23:41:06 [PATROL_04] Radio signal check: frequency tuning successful.
2026-06-19 07:42:22 [PATROL_04] Weekly maintenance scheduled for main antenna grid.
2026-06-19 01:38:54 [STATION_BETA] Encrypted packet sent to HQ: checksum 0xFA32.
2026-06-19 15:07:29 [STATION_BETA] Routine backup completed for encrypted network segment 4.
2026-06-19 09:30:55 [STATION_GAMMA] Encrypted packet sent to HQ: checksum 0xFA32.
2026-06-19 11:03:00 [STATION_GAMMA] Patrol unit 02 reporting status: nominal.
2026-06-19 22:59:52 [STATION_BETA] Weekly maintenance scheduled for main antenna grid.
2026-06-19 19:38:30 [COMMAND] Routine backup completed for encrypted network segment 4.
2026-06-19 23:58:53 [COMMAND] Weather report: Wind speed 14 knots, clear skies.
2026-06-19 22:43:35 [RECON_01] Routine backup completed for encrypted network segment 4.
2026-06-19 03:43:43 [STATION_DELTA] Security sweep of Perimeter Zone C completed.
2026-06-19 20:31:22 [PATROL_04] Patrol unit 02 reporting status: nominal.
2026-06-19 18:42:49 [PATROL_04] Patrol unit 02 reporting status: nominal.
2026-06-19 03:17:35 [STATION_BETA] Weekly maintenance scheduled for main antenna grid.
2026-06-19 02:28:54 [PATROL_04] Weather report: Wind speed 14 knots, clear skies.
2026-06-19 12:28:53 [COMMAND] Automated telemetry update: battery level 98%.
2026-06-19 02:47:27 [PATROL_04] Weekly maintenance scheduled for main antenna grid.
2026-06-19 07:35:03 [COMMAND] Automated telemetry update: battery level 98%.
2026-06-19 07:08:35 [STATION_ALPHA] Automated telemetry update: battery level 98%.
2026-06-19 15:18:07 [STATION_BETA] Automated telemetry update: battery level 98%.
2026-06-19 15:58:41 [STATION_ALPHA] Radio signal check: frequency tuning successful.
2026-06-19 00:06:54 [STATION_ALPHA] Routine backup completed for encrypted network segment 4.
2026-06-19 15:00:19 [STATION_ALPHA] Routine backup completed for encrypted network segment 4.
2026-06-19 09:19:18 [PATROL_04] Weather report: Wind speed 14 knots, clear skies.
2026-06-19 09:23:43 [STATION_DELTA] Automated telemetry update: battery level 98%.
2026-06-19 13:48:09 [STATION_DELTA] Weather report: Wind speed 14 knots, clear skies.
2026-06-19 21:59:46 [PATROL_04] Patrol unit 02 reporting status: nominal.
2026-06-19 19:04:11 [STATION_GAMMA] Security sweep of Perimeter Zone C completed.
2026-06-19 21:45:52 [STATION_GAMMA] Weekly maintenance scheduled for main antenna grid.
2026-06-19 00:49:50 [STATION_DELTA] Security sweep of Perimeter Zone C completed.
2026-06-19 03:16:33 [RECON_01] Routine backup completed for encrypted network segment 4.
2026-06-19 07:16:48 [STATION_GAMMA] Automated telemetry update: battery level 98%.
2026-06-19 20:52:12 [PATROL_04] Radio signal check: frequency tuning successful.
2026-06-19 18:21:13 [STATION_GAMMA] Weekly maintenance scheduled for main antenna grid.
2026-06-19 10:13:33 [COMMAND] Routine backup completed for encrypted network segment 4.
2026-06-19 23:35:38 [PATROL_04] Automated telemetry update: battery level 98%.
2026-06-19 21:02:27 [RECON_01] Automated telemetry update: battery level 98%.
2026-06-19 05:35:01 [STATION_ALPHA] Weekly maintenance scheduled for main antenna grid.
2026-06-19 05:27:26 [PATROL_04] Security sweep of Perimeter Zone C completed.
2026-06-19 09:52:57 [COMMAND] Automated telemetry update: battery level 98%.
2026-06-19 17:21:29 [STATION_DELTA] Weekly maintenance scheduled for main antenna grid.
2026-06-19 00:39:26 [STATION_BETA] Radio signal check: frequency tuning successful.
2026-06-19 18:23:47 [RECON_01] Weekly maintenance scheduled for main antenna grid.
2026-06-19 03:56:36 [COMMAND] Radio signal check: frequency tuning successful.
2026-06-19 02:59:30 [STATION_DELTA] Encrypted packet sent to HQ: checksum 0xFA32.
2026-06-19 21:35:44 [COMMAND] Security sweep of Perimeter Zone C completed.
2026-06-19 07:11:59 [COMMAND] Encrypted packet sent to HQ: checksum 0xFA32.
2026-06-19 15:15:43 [STATION_GAMMA] Encrypted packet sent to HQ: checksum 0xFA32.
2026-06-19 09:47:48 [STATION_ALPHA] Radio signal check: frequency tuning successful.
2026-06-19 17:25:13 [PATROL_04] Routine backup completed for encrypted network segment 4.
2026-06-19 06:04:28 [STATION_ALPHA] Security sweep of Perimeter Zone C completed.
2026-06-19 10:13:22 [STATION_DELTA] Routine backup completed for encrypted network segment 4.
2026-06-19 00:09:49 [STATION_ALPHA] Weather report: Wind speed 14 knots, clear skies.
2026-06-19 00:54:25 [PATROL_04] Weather report: Wind speed 14 knots, clear skies.
2026-06-19 01:25:42 [STATION_DELTA] Security sweep of Perimeter Zone C completed.
2026-06-19 09:14:30 [RECON_01] Weather report: Wind speed 14 knots, clear skies.
2026-06-19 16:49:11 [STATION_GAMMA] Security sweep of Perimeter Zone C completed.
2026-06-19 10:14:33 [STATION_GAMMA] Security sweep of Perimeter Zone C completed.
2026-06-19 16:21:17 [STATION_ALPHA] Automated telemetry update: battery level 98%.
2026-06-19 18:57:52 [PATROL_04] Routine backup completed for encrypted network segment 4.
2026-06-19 06:39:43 [STATION_GAMMA] Weather report: Wind speed 14 knots, clear skies.
2026-06-19 10:02:45 [PATROL_04] Weather report: Wind speed 14 knots, clear skies.
2026-06-19 04:00:10 [COMMAND] Encrypted packet sent to HQ: checksum 0xFA32.
2026-06-19 14:37:47 [STATION_GAMMA] Routine backup completed for encrypted network segment 4.
2026-06-19 03:42:53 [PATROL_04] Weather report: Wind speed 14 knots, clear skies.
2026-06-19 19:30:26 [STATION_GAMMA] Weather report: Wind speed 14 knots, clear skies.
2026-06-19 05:24:34 [PATROL_04] Routine backup completed for encrypted network segment 4.
2026-06-19 05:46:13 [STATION_ALPHA] Radio signal check: frequency tuning successful.
2026-06-19 18:34:32 [STATION_GAMMA] Encrypted packet sent to HQ: checksum 0xFA32.
2026-06-19 13:11:10 [RECON_01] Weather report: Wind speed 14 knots, clear skies.
2026-06-19 03:50:35 [STATION_BETA] Radio signal check: frequency tuning successful.
2026-06-19 03:25:45 [PATROL_04] Encrypted packet sent to HQ: checksum 0xFA32.
2026-06-19 05:40:09 [STATION_BETA] Radio signal check: frequency tuning successful.
2026-06-19 15:23:25 [STATION_DELTA] Security sweep of Perimeter Zone C completed.
2026-06-19 11:25:38 [STATION_DELTA] Weather report: Wind speed 14 knots, clear skies.
2026-06-19 13:58:36 [PATROL_04] Radio signal check: frequency tuning successful.
2026-06-19 10:26:33 [COMMAND] Radio signal check: frequency tuning successful.
2026-06-19 05:21:52 [COMMAND] Security sweep of Perimeter Zone C completed.
2026-06-19 18:54:19 [PATROL_04] Weekly maintenance scheduled for main antenna grid.
2026-06-19 17:17:29 [RECON_01] Weather report: Wind speed 14 knots, clear skies.
2026-06-19 23:20:05 [STATION_GAMMA] Radio signal check: frequency tuning successful.
2026-06-19 07:36:41 [PATROL_04] Security sweep of Perimeter Zone C completed.
2026-06-19 01:59:39 [STATION_GAMMA] Patrol unit 02 reporting status: nominal.
2026-06-19 10:59:20 [PATROL_04] Encrypted packet sent to HQ: checksum 0xFA32.
2026-06-19 13:06:39 [RECON_01] Weather report: Wind speed 14 knots, clear skies.
2026-06-19 15:00:23 [PATROL_04] Radio signal check: frequency tuning successful.
2026-06-19 20:53:54 [COMMAND] Weekly maintenance scheduled for main antenna grid.
2026-06-19 15:48:13 [RECON_01] Routine backup completed for encrypted network segment 4.
2026-06-19 06:12:42 [STATION_DELTA] Routine backup completed for encrypted network segment 4.
2026-06-19 17:15:25 [COMMAND] Encrypted packet sent to HQ: checksum 0xFA32.
2026-06-19 08:20:07 [STATION_GAMMA] Encrypted packet sent to HQ: checksum 0xFA32.
2026-06-19 11:27:39 [STATION_DELTA] Automated telemetry update: battery level 98%.
2026-06-19 16:08:12 [PATROL_04] Weather report: Wind speed 14 knots, clear skies.
2026-06-19 04:55:08 [STATION_GAMMA] Routine backup completed for encrypted network segment 4.
2026-06-19 15:46:07 [RECON_01] Routine backup completed for encrypted network segment 4.
2026-06-19 05:10:23 [STATION_BETA] Automated telemetry update: battery level 98%.
2026-06-19 08:46:39 [RECON_01] Encrypted packet sent to HQ: checksum 0xFA32.
2026-06-19 03:06:37 [STATION_DELTA] Patrol unit 02 reporting status: nominal.
2026-06-19 00:53:46 [PATROL_04] Radio signal check: frequency tuning successful.
2026-06-19 11:36:00 [COMMAND] Routine backup completed for encrypted network segment 4.
2026-06-19 18:55:52 [STATION_BETA] Automated telemetry update: battery level 98%.
2026-06-19 06:13:15 [COMMAND] Radio signal check: frequency tuning successful.
2026-06-19 02:03:21 [STATION_BETA] Routine backup completed for encrypted network segment 4.
2026-06-19 10:59:16 [STATION_GAMMA] Radio signal check: frequency tuning successful.
2026-06-19 12:55:13 [STATION_GAMMA] Weekly maintenance scheduled for main antenna grid.
2026-06-19 04:44:15 [STATION_DELTA] Radio signal check: frequency tuning successful.
2026-06-19 12:29:33 [STATION_ALPHA] Encrypted packet sent to HQ: checksum 0xFA32.
2026-06-19 00:55:08 [STATION_BETA] Encrypted packet sent to HQ: checksum 0xFA32.
2026-06-19 23:50:17 [COMMAND] Routine backup completed for encrypted network segment 4.
2026-06-19 17:16:52 [STATION_ALPHA] Weather report: Wind speed 14 knots, clear skies.
2026-06-19 03:05:46 [RECON_01] Routine backup completed for encrypted network segment 4.
2026-06-19 05:03:32 [STATION_GAMMA] Encrypted packet sent to HQ: checksum 0xFA32.
2026-06-19 02:53:49 [STATION_BETA] Patrol unit 02 reporting status: nominal.
2026-06-19 17:15:04 [STATION_BETA] Security sweep of Perimeter Zone C completed.
2026-06-19 03:08:38 [COMMAND] Weekly maintenance scheduled for main antenna grid.
2026-06-19 04:15:51 [PATROL_04] Routine backup completed for encrypted network segment 4.
2026-06-19 05:48:37 [STATION_BETA] Routine backup completed for encrypted network segment 4.
2026-06-19 23:21:01 [STATION_ALPHA] Weather report: Wind speed 14 knots, clear skies.
2026-06-19 15:23:30 [PATROL_04] Radio signal check: frequency tuning successful.
2026-06-19 19:02:50 [STATION_GAMMA] Security sweep of Perimeter Zone C completed.
2026-06-19 23:56:28 [STATION_ALPHA] Weekly maintenance scheduled for main antenna grid.
2026-06-19 11:49:43 [COMMAND] Routine backup completed for encrypted network segment 4.
2026-06-19 22:59:16 [STATION_GAMMA] Automated telemetry update: battery level 98%.
2026-06-19 06:47:16 [RECON_01] Security sweep of Perimeter Zone C completed.
2026-06-19 13:45:09 [RECON_01] Security sweep of Perimeter Zone C completed.
2026-06-19 00:39:55 [PATROL_04] Security sweep of Perimeter Zone C completed.
2026-06-19 14:21:14 [STATION_BETA] Weekly maintenance scheduled for main antenna grid.
2026-06-19 06:41:07 [COMMAND] Encrypted packet sent to HQ: checksum 0xFA32.
2026-06-19 21:54:55 [COMMAND] Encrypted packet sent to HQ: checksum 0xFA32.
2026-06-19 12:31:13 [STATION_DELTA] Security sweep of Perimeter Zone C completed.
2026-06-19 11:11:16 [STATION_ALPHA] Security sweep of Perimeter Zone C completed.
2026-06-19 10:30:20 [STATION_GAMMA] Automated telemetry update: battery level 98%.
2026-06-19 14:26:14 [STATION_ALPHA] Routine backup completed for encrypted network segment 4.
2026-06-19 12:58:58 [STATION_BETA] Security sweep of Perimeter Zone C completed.
2026-06-19 11:18:41 [RECON_01] Security sweep of Perimeter Zone C completed.
2026-06-19 09:42:18 [STATION_DELTA] Automated telemetry update: battery level 98%.
2026-06-19 20:08:28 [COMMAND] Security sweep of Perimeter Zone C completed.
2026-06-19 19:39:34 [STATION_DELTA] Patrol unit 02 reporting status: nominal.
2026-06-19 20:42:28 [STATION_DELTA] Security sweep of Perimeter Zone C completed.
2026-06-19 03:37:54 [PATROL_04] Security sweep of Perimeter Zone C completed.
2026-06-19 08:11:46 [RECON_01] Routine backup completed for encrypted network segment 4.
2026-06-19 18:12:19 [STATION_GAMMA] Weekly maintenance scheduled for main antenna grid.
2026-06-19 15:01:31 [RECON_01] Security sweep of Perimeter Zone C completed.
2026-06-19 22:43:22 [RECON_01] Automated telemetry update: battery level 98%.
2026-06-19 02:59:55 [STATION_ALPHA] Weather report: Wind speed 14 knots, clear skies.
2026-06-19 13:53:30 [STATION_BETA] Weekly maintenance scheduled for main antenna grid.
2026-06-19 07:44:10 [STATION_DELTA] Encrypted packet sent to HQ: checksum 0xFA32.
2026-06-19 08:39:17 [COMMAND] Radio signal check: frequency tuning successful.
2026-06-19 23:46:28 [PATROL_04] Encrypted packet sent to HQ: checksum 0xFA32.
2026-06-19 12:07:01 [COMMAND] Automated telemetry update: battery level 98%.
2026-06-19 16:08:35 [COMMAND] Security sweep of Perimeter Zone C completed.
2026-06-19 14:39:27 [STATION_BETA] Weather report: Wind speed 14 knots, clear skies.
2026-06-19 10:02:16 [STATION_GAMMA] Automated telemetry update: battery level 98%.
2026-06-19 12:38:07 [STATION_DELTA] Radio signal check: frequency tuning successful.
2026-06-19 12:14:08 [PATROL_04] Weekly maintenance scheduled for main antenna grid.
2026-06-19 03:27:37 [STATION_ALPHA] Security sweep of Perimeter Zone C completed.
2026-06-19 08:42:23 [STATION_ALPHA] Weather report: Wind speed 14 knots, clear skies.
2026-06-19 10:11:00 [RECON_01] Patrol unit 02 reporting status: nominal.
2026-06-19 16:31:49 [PATROL_04] Security sweep of Perimeter Zone C completed.
2026-06-19 05:12:39 [STATION_BETA] Weather report: Wind speed 14 knots, clear skies.
2026-06-19 23:15:52 [STATION_GAMMA] Routine backup completed for encrypted network segment 4.
2026-06-19 04:06:44 [STATION_ALPHA] Security sweep of Perimeter Zone C completed.
2026-06-19 08:15:46 [STATION_BETA] Radio signal check: frequency tuning successful.
2026-06-19 21:06:09 [RECON_01] Routine backup completed for encrypted network segment 4.
2026-06-19 11:06:58 [STATION_DELTA] Encrypted packet sent to HQ: checksum 0xFA32.
2026-06-19 11:35:39 [STATION_GAMMA] Weather report: Wind speed 14 knots, clear skies.
2026-06-19 22:45:48 [STATION_BETA] Automated telemetry update: battery level 98%.
2026-06-19 04:21:35 [COMMAND] Radio signal check: frequency tuning successful.
2026-06-19 13:42:41 [STATION_ALPHA] Weather report: Wind speed 14 knots, clear skies.
2026-06-19 09:13:23 [PATROL_04] Security sweep of Perimeter Zone C completed.
2026-06-19 11:29:00 [STATION_BETA] Patrol unit 02 reporting status: nominal.
2026-06-19 16:50:48 [COMMAND] Weather report: Wind speed 14 knots, clear skies.
2026-06-19 11:42:34 [PATROL_04] Weekly maintenance scheduled for main antenna grid.
2026-06-19 04:03:19 [STATION_DELTA] Radio signal check: frequency tuning successful.
2026-06-19 13:25:19 [STATION_DELTA] Security sweep of Perimeter Zone C completed.
2026-06-19 18:14:47 [STATION_BETA] Weather report: Wind speed 14 knots, clear skies.
2026-06-19 06:52:34 [PATROL_04] Weather report: Wind speed 14 knots, clear skies.
2026-06-19 18:48:55 [COMMAND] Automated telemetry update: battery level 98%.
2026-06-19 14:47:23 [RECON_01] Automated telemetry update: battery level 98%.
2026-06-19 10:22:18 [STATION_DELTA] Weather report: Wind speed 14 knots, clear skies.
2026-06-19 02:49:45 [STATION_ALPHA] Encrypted packet sent to HQ: checksum 0xFA32.
2026-06-19 06:01:17 [PATROL_04] Security sweep of Perimeter Zone C completed.
2026-06-19 10:48:18 [STATION_DELTA] Encrypted packet sent to HQ: checksum 0xFA32.
2026-06-19 17:14:01 [STATION_GAMMA] Radio signal check: frequency tuning successful.
2026-06-19 09:51:55 [STATION_DELTA] Automated telemetry update: battery level 98%.
2026-06-19 02:55:42 [STATION_GAMMA] Weather report: Wind speed 14 knots, clear skies.
2026-06-19 01:17:52 [STATION_BETA] Radio signal check: frequency tuning successful.
2026-06-19 07:28:58 [STATION_GAMMA] Patrol unit 02 reporting status: nominal.
2026-06-19 01:28:59 [STATION_ALPHA] Routine backup completed for encrypted network segment 4.
2026-06-19 19:54:48 [PATROL_04] Patrol unit 02 reporting status: nominal.
2026-06-19 00:40:04 [STATION_BETA] Security sweep of Perimeter Zone C completed.
2026-06-19 17:02:49 [COMMAND] Encrypted packet sent to HQ: checksum 0xFA32.
2026-06-19 22:39:53 [STATION_GAMMA] Weather report: Wind speed 14 knots, clear skies.
2026-06-19 01:29:12 [PATROL_04] Routine backup completed for encrypted network segment 4.
2026-06-19 19:48:06 [PATROL_04] Patrol unit 02 reporting status: nominal.
2026-06-19 09:02:11 [STATION_BETA] Security sweep of Perimeter Zone C completed.
2026-06-19 07:21:23 [STATION_GAMMA] Encrypted packet sent to HQ: checksum 0xFA32.
2026-06-19 19:10:05 [COMMAND] Encrypted packet sent to HQ: checksum 0xFA32.
2026-06-19 06:01:39 [STATION_ALPHA] Weather report: Wind speed 14 knots, clear skies.
2026-06-19 00:30:27 [STATION_GAMMA] Encrypted packet sent to HQ: checksum 0xFA32.
2026-06-19 09:33:47 [STATION_DELTA] Patrol unit 02 reporting status: nominal.
2026-06-19 22:42:00 [COMMAND] Radio signal check: frequency tuning successful.
2026-06-19 02:58:42 [RECON_01] Encrypted packet sent to HQ: checksum 0xFA32.
2026-06-19 06:53:14 [STATION_DELTA] Encrypted packet sent to HQ: checksum 0xFA32.
2026-06-19 15:39:37 [RECON_01] Radio signal check: frequency tuning successful.
2026-06-19 13:52:07 [STATION_BETA] Patrol unit 02 reporting status: nominal.
2026-06-19 17:36:38 [STATION_GAMMA] Encrypted packet sent to HQ: checksum 0xFA32.
2026-06-19 23:08:13 [RECON_01] Weather report: Wind speed 14 knots, clear skies.
2026-06-19 01:47:36 [COMMAND] Automated telemetry update: battery level 98%.
2026-06-19 08:55:58 [STATION_BETA] Radio signal check: frequency tuning successful.
2026-06-19 08:37:19 [STATION_BETA] Weather report: Wind speed 14 knots, clear skies.
2026-06-19 16:45:41 [COMMAND] Weekly maintenance scheduled for main antenna grid.
2026-06-19 20:14:34 [STATION_BETA] Weather report: Wind speed 14 knots, clear skies.
2026-06-19 01:32:58 [STATION_BETA] Weekly maintenance scheduled for main antenna grid.
2026-06-19 08:28:27 [COMMAND] Radio signal check: frequency tuning successful.
2026-06-19 05:11:43 [STATION_DELTA] Encrypted packet sent to HQ: checksum 0xFA32.
2026-06-19 14:00:39 [STATION_BETA] Weather report: Wind speed 14 knots, clear skies.
2026-06-19 23:38:45 [STATION_GAMMA] Weekly maintenance scheduled for main antenna grid.
2026-06-19 13:11:32 [STATION_ALPHA] Routine backup completed for encrypted network segment 4.
2026-06-19 02:38:26 [PATROL_04] Routine backup completed for encrypted network segment 4.
2026-06-19 21:33:47 [STATION_ALPHA] Automated telemetry update: battery level 98%.
2026-06-19 02:21:22 [COMMAND] Routine backup completed for encrypted network segment 4.
2026-06-19 12:59:41 [STATION_BETA] Weekly maintenance scheduled for main antenna grid.
2026-06-19 18:43:27 [STATION_GAMMA] Patrol unit 02 reporting status: nominal.
2026-06-19 17:05:59 [RECON_01] Patrol unit 02 reporting status: nominal.
2026-06-19 05:21:10 [COMMAND] Weekly maintenance scheduled for main antenna grid.
2026-06-19 19:34:43 [STATION_BETA] Encrypted packet sent to HQ: checksum 0xFA32.
2026-06-19 06:06:59 [PATROL_04] Encrypted packet sent to HQ: checksum 0xFA32.
2026-06-19 13:47:57 [STATION_DELTA] Routine backup completed for encrypted network segment 4.
2026-06-19 20:39:22 [STATION_DELTA] Weekly maintenance scheduled for main antenna grid.
2026-06-19 21:15:08 [STATION_GAMMA] Patrol unit 02 reporting status: nominal.
2026-06-19 00:53:56 [COMMAND] Encrypted packet sent to HQ: checksum 0xFA32.
2026-06-19 12:18:05 [RECON_01] Weekly maintenance scheduled for main antenna grid.
2026-06-19 02:25:38 [COMMAND] Automated telemetry update: battery level 98%.
2026-06-19 14:01:24 [COMMAND] Encrypted packet sent to HQ: checksum 0xFA32.
2026-06-19 16:16:38 [STATION_ALPHA] Automated telemetry update: battery level 98%.
2026-06-19 05:59:43 [PATROL_04] Routine backup completed for encrypted network segment 4.
2026-06-19 16:48:57 [COMMAND] Security sweep of Perimeter Zone C completed.
2026-06-19 01:48:50 [COMMAND] Patrol unit 02 reporting status: nominal.
2026-06-19 13:59:33 [RECON_01] Weekly maintenance scheduled for main antenna grid.
2026-06-19 01:53:54 [RECON_01] Weekly maintenance scheduled for main antenna grid.
2026-06-19 10:05:35 [STATION_BETA] Weather report: Wind speed 14 knots, clear skies.
2026-06-19 06:20:32 [PATROL_04] Patrol unit 02 reporting status: nominal.
2026-06-19 19:15:41 [COMMAND] Weather report: Wind speed 14 knots, clear skies.
2026-06-19 10:53:24 [STATION_DELTA] Weather report: Wind speed 14 knots, clear skies.
2026-06-19 15:49:55 [STATION_GAMMA] Encrypted packet sent to HQ: checksum 0xFA32.
2026-06-19 00:39:38 [COMMAND] Automated telemetry update: battery level 98%.
2026-06-19 15:35:27 [PATROL_04] Encrypted packet sent to HQ: checksum 0xFA32.
2026-06-19 19:42:50 [STATION_GAMMA] Encrypted packet sent to HQ: checksum 0xFA32.
2026-06-19 22:54:37 [COMMAND] Routine backup completed for encrypted network segment 4.
2026-06-19 07:48:26 [STATION_GAMMA] Routine backup completed for encrypted network segment 4.
2026-06-19 13:34:18 [RECON_01] Routine backup completed for encrypted network segment 4.
2026-06-19 16:23:54 [PATROL_04] Automated telemetry update: battery level 98%.
2026-06-19 19:19:31 [STATION_DELTA] Weather report: Wind speed 14 knots, clear skies.
2026-06-19 02:46:22 [STATION_DELTA] Security sweep of Perimeter Zone C completed.
2026-06-19 12:17:01 [STATION_ALPHA] Automated telemetry update: battery level 98%.
2026-06-19 16:31:21 [STATION_DELTA] Encrypted packet sent to HQ: checksum 0xFA32.
2026-06-19 20:34:29 [RECON_01] Encrypted packet sent to HQ: checksum 0xFA32.
2026-06-19 21:48:11 [STATION_GAMMA] Weekly maintenance scheduled for main antenna grid.
2026-06-19 10:08:18 [STATION_ALPHA] Weather report: Wind speed 14 knots, clear skies.
2026-06-19 00:22:00 [RECON_01] Routine backup completed for encrypted network segment 4.
2026-06-19 15:10:56 [STATION_DELTA] Automated telemetry update: battery level 98%.
2026-06-19 05:08:23 [PATROL_04] Patrol unit 02 reporting status: nominal.
2026-06-19 12:36:33 [PATROL_04] Routine backup completed for encrypted network segment 4.
2026-06-19 00:12:19 [COMMAND] Weather report: Wind speed 14 knots, clear skies.
2026-06-19 11:58:24 [PATROL_04] Automated telemetry update: battery level 98%.
2026-06-19 00:42:49 [STATION_DELTA] Security sweep of Perimeter Zone C completed.
2026-06-19 14:04:52 [STATION_BETA] Weather report: Wind speed 14 knots, clear skies.
2026-06-19 18:28:51 [STATION_BETA] Weather report: Wind speed 14 knots, clear skies.
2026-06-19 04:49:49 [STATION_GAMMA] Weather report: Wind speed 14 knots, clear skies.
2026-06-19 14:31:56 [STATION_DELTA] Weather report: Wind speed 14 knots, clear skies.
2026-06-19 13:33:33 [COMMAND] Automated telemetry update: battery level 98%.
2026-06-19 01:26:31 [STATION_BETA] Routine backup completed for encrypted network segment 4.
2026-06-19 13:41:47 [COMMAND] Encrypted packet sent to HQ: checksum 0xFA32.
2026-06-19 00:25:43 [STATION_GAMMA] Encrypted packet sent to HQ: checksum 0xFA32.
2026-06-19 12:15:29 [STATION_GAMMA] Automated telemetry update: battery level 98%.
2026-06-19 00:27:57 [STATION_DELTA] Security sweep of Perimeter Zone C completed.
2026-06-19 19:29:41 [STATION_BETA] Radio signal check: frequency tuning successful.
2026-06-19 05:55:15 [PATROL_04] Weather report: Wind speed 14 knots, clear skies.
2026-06-19 02:31:01 [COMMAND] Security sweep of Perimeter Zone C completed.
2026-06-19 19:33:32 [RECON_01] Encrypted packet sent to HQ: checksum 0xFA32.
2026-06-19 12:19:21 [PATROL_04] Weather report: Wind speed 14 knots, clear skies.
2026-06-19 03:47:05 [PATROL_04] Security sweep of Perimeter Zone C completed.
2026-06-19 05:35:49 [STATION_GAMMA] Encrypted packet sent to HQ: checksum 0xFA32.
2026-06-19 03:35:17 [RECON_01] Radio signal check: frequency tuning successful.
2026-06-19 04:33:45 [PATROL_04] Radio signal check: frequency tuning successful.
2026-06-19 09:05:59 [STATION_DELTA] Automated telemetry update: battery level 98%.
2026-06-19 01:37:40 [RECON_01] Radio signal check: frequency tuning successful.
2026-06-19 10:56:08 [RECON_01] Automated telemetry update: battery level 98%.
2026-06-19 05:03:17 [PATROL_04] Patrol unit 02 reporting status: nominal.
2026-06-19 05:26:03 [STATION_DELTA] Security sweep of Perimeter Zone C completed.
2026-06-19 04:58:49 [STATION_DELTA] Routine backup completed for encrypted network segment 4.
2026-06-19 02:59:41 [COMMAND] Weather report: Wind speed 14 knots, clear skies.
2026-06-19 20:00:02 [RECON_01] Security sweep of Perimeter Zone C completed.
2026-06-19 21:55:22 [PATROL_04] Encrypted packet sent to HQ: checksum 0xFA32.
2026-06-19 11:31:33 [RECON_01] Weekly maintenance scheduled for main antenna grid.
2026-06-19 07:20:35 [STATION_BETA] Weekly maintenance scheduled for main antenna grid.
2026-06-19 03:49:02 [COMMAND] Security sweep of Perimeter Zone C completed.
2026-06-19 10:35:20 [RECON_01] Encrypted packet sent to HQ: checksum 0xFA32.
2026-06-19 21:42:01 [RECON_01] Weather report: Wind speed 14 knots, clear skies.
2026-06-19 15:04:28 [COMMAND] Routine backup completed for encrypted network segment 4.
2026-06-19 19:52:25 [RECON_01] Encrypted packet sent to HQ: checksum 0xFA32.
2026-06-19 19:21:06 [PATROL_04] Automated telemetry update: battery level 98%.
2026-06-19 20:37:28 [PATROL_04] Routine backup completed for encrypted network segment 4.
2026-06-19 06:40:14 [STATION_GAMMA] Weekly maintenance scheduled for main antenna grid.
2026-06-19 20:53:54 [STATION_GAMMA] Routine backup completed for encrypted network segment 4.
2026-06-19 19:15:18 [STATION_DELTA] Security sweep of Perimeter Zone C completed.
2026-06-19 21:28:37 [RECON_01] Weather report: Wind speed 14 knots, clear skies.
2026-06-19 17:40:26 [COMMAND] Encrypted packet sent to HQ: checksum 0xFA32.
2026-06-19 07:12:29 [PATROL_04] Patrol unit 02 reporting status: nominal.
2026-06-19 08:46:52 [RECON_01] Weekly maintenance scheduled for main antenna grid.
2026-06-19 00:20:24 [STATION_ALPHA] Patrol unit 02 reporting status: nominal.
2026-06-19 05:36:51 [COMMAND] Encrypted packet sent to HQ: checksum 0xFA32.
2026-06-19 22:26:24 [STATION_GAMMA] Automated telemetry update: battery level 98%.
2026-06-19 21:24:35 [STATION_DELTA] Security sweep of Perimeter Zone C completed.
2026-06-19 08:34:06 [RECON_01] Encrypted packet sent to HQ: checksum 0xFA32.
2026-06-19 00:31:15 [COMMAND] Automated telemetry update: battery level 98%.
2026-06-19 13:31:06 [STATION_DELTA] Weather report: Wind speed 14 knots, clear skies.
2026-06-19 15:18:09 [STATION_ALPHA] Weekly maintenance scheduled for main antenna grid.
2026-06-19 22:59:26 [PATROL_04] Radio signal check: frequency tuning successful.
2026-06-19 18:37:11 [COMMAND] Radio signal check: frequency tuning successful.
2026-06-19 19:03:33 [PATROL_04] Automated telemetry update: battery level 98%.
2026-06-19 00:21:15 [STATION_BETA] Weather report: Wind speed 14 knots, clear skies.
2026-06-19 10:07:14 [RECON_01] Patrol unit 02 reporting status: nominal.
2026-06-19 10:16:46 [PATROL_04] Weekly maintenance scheduled for main antenna grid.
2026-06-19 22:45:52 [STATION_GAMMA] Automated telemetry update: battery level 98%.
2026-06-19 03:18:34 [STATION_BETA] Automated telemetry update: battery level 98%.
2026-06-19 10:01:27 [RECON_01] Encrypted packet sent to HQ: checksum 0xFA32.
2026-06-19 01:22:18 [COMMAND] Patrol unit 02 reporting status: nominal.
2026-06-19 06:31:52 [RECON_01] Security sweep of Perimeter Zone C completed.
2026-06-19 20:12:17 [COMMAND] Patrol unit 02 reporting status: nominal.
2026-06-19 23:46:50 [COMMAND] Weather report: Wind speed 14 knots, clear skies.
2026-06-19 13:53:45 [STATION_GAMMA] Weekly maintenance scheduled for main antenna grid.
2026-06-19 14:59:37 [STATION_BETA] Weekly maintenance scheduled for main antenna grid.
2026-06-19 09:20:11 [RECON_01] Radio signal check: frequency tuning successful.
2026-06-19 12:13:09 [STATION_GAMMA] Security sweep of Perimeter Zone C completed.
2026-06-19 14:20:37 [PATROL_04] Routine backup completed for encrypted network segment 4.
2026-06-19 21:23:19 [PATROL_04] Routine backup completed for encrypted network segment 4.
2026-06-19 00:12:04 [STATION_GAMMA] Patrol unit 02 reporting status: nominal.
2026-06-19 21:36:45 [STATION_ALPHA] Security sweep of Perimeter Zone C completed.
2026-06-19 10:30:11 [STATION_ALPHA] Security sweep of Perimeter Zone C completed.
2026-06-19 23:12:29 [RECON_01] Automated telemetry update: battery level 98%.
2026-06-19 12:18:53 [STATION_GAMMA] Radio signal check: frequency tuning successful.
2026-06-19 18:10:44 [STATION_ALPHA] Weekly maintenance scheduled for main antenna grid.
2026-06-19 09:53:31 [STATION_DELTA] Encrypted packet sent to HQ: checksum 0xFA32.
2026-06-19 15:39:06 [PATROL_04] Security sweep of Perimeter Zone C completed.
2026-06-19 06:56:08 [STATION_BETA] Encrypted packet sent to HQ: checksum 0xFA32.
2026-06-19 17:14:29 [RECON_01] Automated telemetry update: battery level 98%.
2026-06-19 13:19:53 [STATION_BETA] Encrypted packet sent to HQ: checksum 0xFA32.
2026-06-19 21:28:39 [STATION_DELTA] Routine backup completed for encrypted network segment 4.
2026-06-19 10:56:22 [STATION_ALPHA] Security sweep of Perimeter Zone C completed.
2026-06-19 20:30:40 [RECON_01] Encrypted packet sent to HQ: checksum 0xFA32.
2026-06-19 11:40:31 [RECON_01] Encrypted packet sent to HQ: checksum 0xFA32.
2026-06-19 07:22:49 [STATION_ALPHA] Weather report: Wind speed 14 knots, clear skies.
2026-06-19 13:31:47 [STATION_DELTA] Automated telemetry update: battery level 98%.
2026-06-19 13:15:29 [STATION_GAMMA] Automated telemetry update: battery level 98%.
2026-06-19 16:18:46 [STATION_DELTA] Weather report: Wind speed 14 knots, clear skies.
2026-06-19 08:18:23 [STATION_DELTA] Weather report: Wind speed 14 knots, clear skies.
2026-06-19 23:53:09 [STATION_BETA] Encrypted packet sent to HQ: checksum 0xFA32.
2026-06-19 04:28:37 [STATION_DELTA] Encrypted packet sent to HQ: checksum 0xFA32.
2026-06-19 01:50:50 [PATROL_04] Radio signal check: frequency tuning successful.
2026-06-19 08:39:25 [STATION_GAMMA] Weather report: Wind speed 14 knots, clear skies.
2026-06-19 13:13:57 [RECON_01] Security sweep of Perimeter Zone C completed.
2026-06-19 06:13:04 [PATROL_04] Weekly maintenance scheduled for main antenna grid.
2026-06-19 04:09:13 [RECON_01] Routine backup completed for encrypted network segment 4.
2026-06-19 10:11:48 [PATROL_04] Automated telemetry update: battery level 98%.
2026-06-19 23:18:55 [STATION_BETA] Encrypted packet sent to HQ: checksum 0xFA32.
2026-06-19 10:17:10 [PATROL_04] Patrol unit 02 reporting status: nominal.
2026-06-19 11:19:13 [STATION_DELTA] Weather report: Wind speed 14 knots, clear skies.
2026-06-19 03:00:15 [COMMAND] Patrol unit 02 reporting status: nominal.
2026-06-19 14:28:21 [COMMAND] Encrypted packet sent to HQ: checksum 0xFA32.
2026-06-19 05:57:00 [RECON_01] Automated telemetry update: battery level 98%.
2026-06-19 14:04:00 [PATROL_04] Security sweep of Perimeter Zone C completed.
2026-06-19 10:28:26 [STATION_BETA] Weather report: Wind speed 14 knots, clear skies.
2026-06-19 22:31:44 [STATION_BETA] Routine backup completed for encrypted network segment 4.
2026-06-19 10:05:45 [RECON_01] Security sweep of Perimeter Zone C completed.
2026-06-19 23:06:15 [STATION_DELTA] Encrypted packet sent to HQ: checksum 0xFA32.
2026-06-19 09:30:11 [STATION_DELTA] Weather report: Wind speed 14 knots, clear skies.
2026-06-19 16:09:50 [PATROL_04] Security sweep of Perimeter Zone C completed.
2026-06-19 23:32:43 [STATION_GAMMA] Security sweep of Perimeter Zone C completed.
2026-06-19 06:53:10 [RECON_01] Automated telemetry update: battery level 98%.
2026-06-19 04:05:25 [RECON_01] Radio signal check: frequency tuning successful.
2026-06-19 03:41:43 [STATION_ALPHA] Security sweep of Perimeter Zone C completed.
2026-06-19 18:11:32 [COMMAND] Patrol unit 02 reporting status: nominal.
2026-06-19 14:05:18 [COMMAND] Radio signal check: frequency tuning successful.
2026-06-19 22:21:10 [RECON_01] Security sweep of Perimeter Zone C completed.
2026-06-19 09:41:37 [STATION_GAMMA] Patrol unit 02 reporting status: nominal.
2026-06-19 10:04:30 [COMMAND] Routine backup completed for encrypted network segment 4.
2026-06-19 06:34:49 [PATROL_04] Weather report: Wind speed 14 knots, clear skies.
2026-06-19 16:25:18 [PATROL_04] Weekly maintenance scheduled for main antenna grid.
2026-06-19 01:21:47 [STATION_BETA] Automated telemetry update: battery level 98%.
2026-06-19 20:46:43 [STATION_DELTA] Routine backup completed for encrypted network segment 4.
2026-06-19 08:19:15 [RECON_01] Weather report: Wind speed 14 knots, clear skies.
2026-06-19 06:32:23 [STATION_DELTA] Weekly maintenance scheduled for main antenna grid.
2026-06-19 14:26:58 [STATION_ALPHA] Routine backup completed for encrypted network segment 4.
2026-06-19 04:44:26 [COMMAND] Security sweep of Perimeter Zone C completed.
2026-06-19 13:02:58 [STATION_ALPHA] Radio signal check: frequency tuning successful.
2026-06-19 01:39:25 [STATION_GAMMA] Weekly maintenance scheduled for main antenna grid.
2026-06-19 12:59:35 [STATION_GAMMA] Weather report: Wind speed 14 knots, clear skies.
2026-06-19 14:01:59 [STATION_ALPHA] Weekly maintenance scheduled for main antenna grid.
2026-06-19 14:33:45 [STATION_BETA] Weekly maintenance scheduled for main antenna grid.
2026-06-19 11:36:21 [COMMAND] Automated telemetry update: battery level 98%.
2026-06-19 00:39:41 [RECON_01] Weekly maintenance scheduled for main antenna grid.
2026-06-19 20:45:18 [STATION_GAMMA] Routine backup completed for encrypted network segment 4.
2026-06-19 06:51:36 [STATION_GAMMA] Encrypted packet sent to HQ: checksum 0xFA32.
2026-06-19 10:29:57 [STATION_DELTA] Security sweep of Perimeter Zone C completed.
2026-06-19 03:12:24 [STATION_DELTA] Weekly maintenance scheduled for main antenna grid.
2026-06-19 07:23:19 [STATION_ALPHA] Weekly maintenance scheduled for main antenna grid.
2026-06-19 05:33:32 [RECON_01] Automated telemetry update: battery level 98%.
2026-06-19 00:45:49 [STATION_GAMMA] Patrol unit 02 reporting status: nominal.
2026-06-19 23:44:21 [STATION_ALPHA] Weekly maintenance scheduled for main antenna grid.
2026-06-19 01:25:53 [STATION_BETA] Weather report: Wind speed 14 knots, clear skies.
2026-06-19 19:05:34 [STATION_ALPHA] Weekly maintenance scheduled for main antenna grid.
2026-06-19 04:30:15 [STATION_BETA] Weekly maintenance scheduled for main antenna grid.
2026-06-19 10:14:22 [STATION_DELTA] Patrol unit 02 reporting status: nominal.
2026-06-19 23:32:38 [STATION_DELTA] Weekly maintenance scheduled for main antenna grid.
2026-06-19 07:55:49 [STATION_ALPHA] Encrypted packet sent to HQ: checksum 0xFA32.
2026-06-19 05:05:21 [STATION_DELTA] Routine backup completed for encrypted network segment 4.
2026-06-19 21:28:35 [PATROL_04] Encrypted packet sent to HQ: checksum 0xFA32.
2026-06-19 19:17:50 [STATION_ALPHA] Weekly maintenance scheduled for main antenna grid.
2026-06-19 02:49:42 [STATION_ALPHA] Routine backup completed for encrypted network segment 4.
2026-06-19 11:01:08 [RECON_01] Weekly maintenance scheduled for main antenna grid.
2026-06-19 13:21:31 [STATION_BETA] Weekly maintenance scheduled for main antenna grid.
2026-06-19 10:23:47 [PATROL_04] Weather report: Wind speed 14 knots, clear skies.
2026-06-19 12:30:43 [STATION_ALPHA] Encrypted packet sent to HQ: checksum 0xFA32.
2026-06-19 08:47:04 [STATION_ALPHA] Weekly maintenance scheduled for main antenna grid.
2026-06-19 15:29:11 [STATION_GAMMA] Radio signal check: frequency tuning successful.
2026-06-19 22:47:13 [STATION_ALPHA] Routine backup completed for encrypted network segment 4.
2026-06-19 23:20:44 [STATION_DELTA] Security sweep of Perimeter Zone C completed.
2026-06-19 04:45:28 [STATION_GAMMA] Radio signal check: frequency tuning successful.
2026-06-19 05:23:13 [STATION_GAMMA] Encrypted packet sent to HQ: checksum 0xFA32.
2026-06-19 11:27:29 [STATION_GAMMA] Weather report: Wind speed 14 knots, clear skies.
2026-06-19 19:07:42 [RECON_01] Encrypted packet sent to HQ: checksum 0xFA32.
2026-06-19 20:05:58 [STATION_BETA] Automated telemetry update: battery level 98%.
2026-06-19 02:11:20 [STATION_ALPHA] Patrol unit 02 reporting status: nominal.
2026-06-19 02:47:08 [STATION_BETA] Routine backup completed for encrypted network segment 4.
2026-06-19 02:15:46 [STATION_ALPHA] Weekly maintenance scheduled for main antenna grid.
2026-06-19 15:11:04 [PATROL_04] Automated telemetry update: battery level 98%.
2026-06-19 03:27:28 [STATION_ALPHA] Routine backup completed for encrypted network segment 4.
2026-06-19 19:56:39 [COMMAND] Security sweep of Perimeter Zone C completed.
2026-06-19 15:09:46 [PATROL_04] Automated telemetry update: battery level 98%.
2026-06-19 13:24:57 [STATION_DELTA] Weekly maintenance scheduled for main antenna grid.
2026-06-19 16:31:02 [PATROL_04] Radio signal check: frequency tuning successful.
2026-06-19 15:27:52 [STATION_DELTA] Weather report: Wind speed 14 knots, clear skies.
2026-06-19 11:19:41 [PATROL_04] Radio signal check: frequency tuning successful.
2026-06-19 05:18:02 [RECON_01] Security sweep of Perimeter Zone C completed.
2026-06-19 22:05:07 [STATION_GAMMA] Automated telemetry update: battery level 98%.
2026-06-19 12:17:18 [COMMAND] Weather report: Wind speed 14 knots, clear skies.
2026-06-19 13:35:49 [STATION_BETA] Weekly maintenance scheduled for main antenna grid.
2026-06-19 17:24:24 [STATION_GAMMA] Radio signal check: frequency tuning successful.
2026-06-19 09:41:01 [STATION_BETA] Automated telemetry update: battery level 98%.
2026-06-19 17:06:36 [RECON_01] Security sweep of Perimeter Zone C completed.
2026-06-19 19:24:33 [STATION_DELTA] Weather report: Wind speed 14 knots, clear skies.
2026-06-19 04:34:38 [STATION_DELTA] Encrypted packet sent to HQ: checksum 0xFA32.
2026-06-19 14:04:33 [STATION_DELTA] Routine backup completed for encrypted network segment 4.
2026-06-19 22:54:58 [RECON_01] Weekly maintenance scheduled for main antenna grid.
2026-06-19 01:39:26 [STATION_GAMMA] Security sweep of Perimeter Zone C completed.
2026-06-19 07:10:52 [COMMAND] Patrol unit 02 reporting status: nominal.
2026-06-19 22:22:41 [STATION_DELTA] Security sweep of Perimeter Zone C completed.
2026-06-19 05:43:54 [STATION_GAMMA] Routine backup completed for encrypted network segment 4.
2026-06-19 02:16:58 [STATION_ALPHA] Radio signal check: frequency tuning successful.
2026-06-19 14:50:04 [STATION_DELTA] Routine backup completed for encrypted network segment 4.
2026-06-19 18:05:38 [STATION_GAMMA] Security sweep of Perimeter Zone C completed.
2026-06-19 00:03:38 [STATION_ALPHA] Weekly maintenance scheduled for main antenna grid.
2026-06-19 17:49:46 [COMMAND] Automated telemetry update: battery level 98%.
2026-06-19 11:33:02 [COMMAND] Security sweep of Perimeter Zone C completed.
2026-06-19 17:33:52 [STATION_ALPHA] Encrypted packet sent to HQ: checksum 0xFA32.
2026-06-19 14:26:10 [STATION_GAMMA] Routine backup completed for encrypted network segment 4.
2026-06-19 04:45:00 [PATROL_04] Radio signal check: frequency tuning successful.
2026-06-19 02:18:55 [STATION_DELTA] Encrypted packet sent to HQ: checksum 0xFA32.
2026-06-19 01:02:14 [STATION_ALPHA] Patrol unit 02 reporting status: nominal.
2026-06-19 18:59:56 [STATION_BETA] Routine backup completed for encrypted network segment 4.
2026-06-19 05:10:53 [COMMAND] Weather report: Wind speed 14 knots, clear skies.
2026-06-19 07:41:19 [STATION_GAMMA] Routine backup completed for encrypted network segment 4.
2026-06-19 21:26:12 [STATION_ALPHA] Weekly maintenance scheduled for main antenna grid.
2026-06-19 10:29:21 [STATION_DELTA] Weather report: Wind speed 14 knots, clear skies.
2026-06-19 15:41:19 [RECON_01] Radio signal check: frequency tuning successful.
2026-06-19 22:24:57 [STATION_GAMMA] Automated telemetry update: battery level 98%.
2026-06-19 03:47:04 [STATION_DELTA] Patrol unit 02 reporting status: nominal.
2026-06-19 05:09:16 [COMMAND] Patrol unit 02 reporting status: nominal.
2026-06-19 23:55:37 [STATION_DELTA] Security sweep of Perimeter Zone C completed.
2026-06-19 01:38:47 [STATION_GAMMA] Encrypted packet sent to HQ: checksum 0xFA32.
2026-06-19 06:42:34 [PATROL_04] Encrypted packet sent to HQ: checksum 0xFA32.
2026-06-19 22:10:32 [STATION_GAMMA] Radio signal check: frequency tuning successful.
2026-06-19 13:25:11 [RECON_01] Weather report: Wind speed 14 knots, clear skies.
2026-06-19 03:00:11 [STATION_GAMMA] Routine backup completed for encrypted network segment 4.
2026-06-19 22:31:54 [STATION_BETA] Radio signal check: frequency tuning successful.
2026-06-19 07:47:23 [STATION_DELTA] Weather report: Wind speed 14 knots, clear skies.
2026-06-19 13:24:10 [COMMAND] Security sweep of Perimeter Zone C completed.
2026-06-19 08:23:17 [COMMAND] Weather report: Wind speed 14 knots, clear skies.
2026-06-19 11:53:52 [STATION_ALPHA] Weather report: Wind speed 14 knots, clear skies.
2026-06-19 11:04:26 [STATION_GAMMA] Encrypted packet sent to HQ: checksum 0xFA32.
2026-06-19 02:15:30 [STATION_ALPHA] Patrol unit 02 reporting status: nominal.
2026-06-19 21:50:20 [COMMAND] Patrol unit 02 reporting status: nominal.
2026-06-19 20:42:34 [COMMAND] Routine backup completed for encrypted network segment 4.
2026-06-19 17:24:43 [STATION_DELTA] Encrypted packet sent to HQ: checksum 0xFA32.
2026-06-19 14:09:43 [STATION_ALPHA] Weather report: Wind speed 14 knots, clear skies.
2026-06-19 03:52:19 [STATION_GAMMA] Security sweep of Perimeter Zone C completed.
2026-06-19 05:23:23 [STATION_ALPHA] Radio signal check: frequency tuning successful.
2026-06-19 05:59:18 [STATION_GAMMA] Automated telemetry update: battery level 98%.
2026-06-19 17:52:19 [STATION_DELTA] Radio signal check: frequency tuning successful.
2026-06-19 06:13:22 [STATION_ALPHA] Security sweep of Perimeter Zone C completed.
2026-06-19 10:58:16 [STATION_ALPHA] Routine backup completed for encrypted network segment 4.
2026-06-19 04:20:00 [STATION_ALPHA] Routine backup completed for encrypted network segment 4.
2026-06-19 07:16:06 [STATION_DELTA] Radio signal check: frequency tuning successful.
2026-06-19 14:18:14 [COMMAND] Radio signal check: frequency tuning successful.
2026-06-19 23:44:36 [PATROL_04] Patrol unit 02 reporting status: nominal.
2026-06-19 09:18:33 [STATION_DELTA] Radio signal check: frequency tuning successful.
2026-06-19 07:50:14 [PATROL_04] Patrol unit 02 reporting status: nominal.
2026-06-19 15:27:09 [STATION_ALPHA] Encrypted packet sent to HQ: checksum 0xFA32.
2026-06-19 03:07:22 [STATION_GAMMA] Encrypted packet sent to HQ: checksum 0xFA32.
2026-06-19 22:05:50 [STATION_ALPHA] Weekly maintenance scheduled for main antenna grid.
2026-06-19 11:41:52 [STATION_GAMMA] Encrypted packet sent to HQ: checksum 0xFA32.
2026-06-19 13:15:24 [COMMAND] Automated telemetry update: battery level 98%.
2026-06-19 11:14:56 [COMMAND] Automated telemetry update: battery level 98%.
2026-06-19 01:56:22 [STATION_GAMMA] Routine backup completed for encrypted network segment 4.
2026-06-19 10:12:48 [STATION_ALPHA] Routine backup completed for encrypted network segment 4.
2026-06-19 01:03:56 [STATION_ALPHA] Weather report: Wind speed 14 knots, clear skies.
2026-06-19 18:54:15 [COMMAND] Weekly maintenance scheduled for main antenna grid.
2026-06-19 19:27:18 [STATION_GAMMA] Routine backup completed for encrypted network segment 4.
2026-06-19 04:22:52 [STATION_ALPHA] Weekly maintenance scheduled for main antenna grid.
2026-06-19 23:45:05 [RECON_01] Security sweep of Perimeter Zone C completed.
2026-06-19 04:55:43 [PATROL_04] Security sweep of Perimeter Zone C completed.
2026-06-19 11:22:16 [STATION_DELTA] Weekly maintenance scheduled for main antenna grid.
2026-06-19 08:00:52 [STATION_BETA] Weekly maintenance scheduled for main antenna grid.
2026-06-19 19:51:01 [RECON_01] Weekly maintenance scheduled for main antenna grid.
2026-06-19 10:51:06 [STATION_GAMMA] Encrypted packet sent to HQ: checksum 0xFA32.
2026-06-19 17:05:42 [STATION_DELTA] Automated telemetry update: battery level 98%.
2026-06-19 21:13:06 [STATION_ALPHA] Routine backup completed for encrypted network segment 4.
2026-06-19 06:12:23 [STATION_ALPHA] Automated telemetry update: battery level 98%.
2026-06-19 23:53:24 [PATROL_04] Routine backup completed for encrypted network segment 4.
2026-06-19 00:47:29 [COMMAND] Automated telemetry update: battery level 98%.
2026-06-19 15:50:14 [COMMAND] Automated telemetry update: battery level 98%.
2026-06-19 23:08:54 [STATION_GAMMA] Patrol unit 02 reporting status: nominal.
2026-06-19 10:56:58 [STATION_GAMMA] Patrol unit 02 reporting status: nominal.
2026-06-19 06:09:24 [RECON_01] Automated telemetry update: battery level 98%.
2026-06-19 07:13:27 [RECON_01] Weekly maintenance scheduled for main antenna grid.
2026-06-19 20:04:57 [PATROL_04] Weekly maintenance scheduled for main antenna grid.
2026-06-19 04:40:09 [STATION_ALPHA] Radio signal check: frequency tuning successful.
2026-06-19 17:15:32 [STATION_BETA] Radio signal check: frequency tuning successful.
2026-06-19 15:46:15 [COMMAND] Weather report: Wind speed 14 knots, clear skies.
2026-06-19 20:04:55 [RECON_01] Security sweep of Perimeter Zone C completed.
2026-06-19 22:32:04 [RECON_01] Weekly maintenance scheduled for main antenna grid.
2026-06-19 01:53:19 [STATION_BETA] Weekly maintenance scheduled for main antenna grid.
2026-06-19 16:43:11 [PATROL_04] Encrypted packet sent to HQ: checksum 0xFA32.
2026-06-19 13:07:11 [STATION_ALPHA] Patrol unit 02 reporting status: nominal.
2026-06-19 23:00:17 [PATROL_04] Weather report: Wind speed 14 knots, clear skies.
2026-06-19 15:59:29 [STATION_GAMMA] Weekly maintenance scheduled for main antenna grid.
2026-06-19 21:50:15 [COMMAND] Weekly maintenance scheduled for main antenna grid.
2026-06-19 16:16:32 [RECON_01] Weather report: Wind speed 14 knots, clear skies.
2026-06-19 17:34:23 [STATION_ALPHA] Routine backup completed for encrypted network segment 4.
2026-06-19 00:39:14 [COMMAND] Weekly maintenance scheduled for main antenna grid.
2026-06-19 07:44:11 [STATION_GAMMA] Weather report: Wind speed 14 knots, clear skies.
2026-06-19 20:50:47 [COMMAND] Security sweep of Perimeter Zone C completed.
2026-06-19 20:49:24 [COMMAND] Weekly maintenance scheduled for main antenna grid.
2026-06-19 21:22:20 [RECON_01] Routine backup completed for encrypted network segment 4.
2026-06-19 23:05:03 [STATION_DELTA] Weather report: Wind speed 14 knots, clear skies.
2026-06-19 01:10:04 [STATION_DELTA] Weather report: Wind speed 14 knots, clear skies.
2026-06-19 00:16:59 [STATION_GAMMA] Encrypted packet sent to HQ: checksum 0xFA32.
2026-06-19 18:56:41 [RECON_01] Automated telemetry update: battery level 98%.
2026-06-19 23:42:04 [STATION_ALPHA] Encrypted packet sent to HQ: checksum 0xFA32.
2026-06-19 14:51:26 [STATION_BETA] Automated telemetry update: battery level 98%.
2026-06-19 09:37:08 [STATION_DELTA] Automated telemetry update: battery level 98%.
2026-06-19 06:39:27 [STATION_ALPHA] Patrol unit 02 reporting status: nominal.
2026-06-19 23:25:37 [COMMAND] Encrypted packet sent to HQ: checksum 0xFA32.
2026-06-19 07:13:29 [STATION_ALPHA] Patrol unit 02 reporting status: nominal.
2026-06-19 21:20:35 [STATION_ALPHA] Radio signal check: frequency tuning successful.
2026-06-19 20:13:53 [STATION_BETA] Routine backup completed for encrypted network segment 4.
2026-06-19 00:04:00 [STATION_ALPHA] Security sweep of Perimeter Zone C completed.
2026-06-19 10:43:08 [RECON_01] Radio signal check: frequency tuning successful.
2026-06-19 05:12:22 [STATION_DELTA] Weather report: Wind speed 14 knots, clear skies.
