2026-06-21 07:39:38 [RELAY_05] Routine backup completed for network segment 3.
2026-06-21 06:20:18 [COMMAND] Radio signal check: frequency tuning successful.
2026-06-21 01:35:50 [STATION_ALPHA] Weather report: wind speed 11 knots, light rain.
2026-06-21 05:27:56 [RECON_03] Automated telemetry update: battery level 92%.
2026-06-21 22:04:00 [STATION_BRAVO] Radio signal check: frequency tuning successful.
2026-06-21 03:47:29 [RELAY_05] Radio signal check: frequency tuning successful.
2026-06-21 20:25:22 [STATION_CHARLIE] Patrol unit reporting status: nominal.
2026-06-21 11:53:49 [STATION_ALPHA] Encrypted packet sent to HQ: checksum 0x7C41.
2026-06-21 10:42:03 [STATION_ALPHA] Generator switched to reserve tank.
2026-06-21 16:43:45 [STATION_CHARLIE] Weather report: wind speed 11 knots, light rain.
2026-06-21 22:57:59 [COMMAND] Weekly maintenance scheduled for antenna mast.
2026-06-21 06:36:30 [RECON_03] Encrypted packet sent to HQ: checksum 0x7C41.
2026-06-21 08:01:35 [RELAY_05] Encrypted packet sent to HQ: checksum 0x7C41.
2026-06-21 03:45:23 [STATION_CHARLIE] Weather report: wind speed 11 knots, light rain.
2026-06-21 17:09:48 [RECON_03] Routine backup completed for network segment 3.
2026-06-21 15:06:52 [RELAY_05] Automated telemetry update: battery level 92%.
2026-06-21 16:50:15 [RELAY_05] Weekly maintenance scheduled for antenna mast.
2026-06-21 08:44:29 [PATROL_07] Automated telemetry update: battery level 92%.
2026-06-21 06:17:22 [STATION_ALPHA] Weather report: wind speed 11 knots, light rain.
2026-06-21 03:06:25 [RECON_03] Generator switched to reserve tank.
2026-06-21 08:45:14 [COMMAND] Automated telemetry update: battery level 92%.
2026-06-21 21:24:35 [STATION_DELTA] Routine backup completed for network segment 3.
2026-06-21 09:59:24 [STATION_BRAVO] Weather report: wind speed 11 knots, light rain.
2026-06-21 00:37:31 [RELAY_05] Radio signal check: frequency tuning successful.
2026-06-21 08:23:05 [STATION_ALPHA] Fuel convoy ETA updated: 40 minutes.
2026-06-21 06:03:11 [PATROL_07] Radio signal check: frequency tuning successful.
2026-06-21 23:03:18 [COMMAND] Routine backup completed for network segment 3.
2026-06-21 18:56:14 [STATION_CHARLIE] Weekly maintenance scheduled for antenna mast.
2026-06-21 14:08:52 [STATION_BRAVO] Encrypted packet sent to HQ: checksum 0x7C41.
2026-06-21 14:14:23 [RECON_03] Automated telemetry update: battery level 92%.
2026-06-21 18:45:40 [PATROL_07] Generator switched to reserve tank.
2026-06-21 13:37:39 [STATION_DELTA] Automated telemetry update: battery level 92%.
2026-06-21 19:29:30 [STATION_CHARLIE] Security sweep of perimeter zone B completed.
2026-06-21 03:48:02 [STATION_ALPHA] Weekly maintenance scheduled for antenna mast.
2026-06-21 07:29:54 [STATION_DELTA] Weather report: wind speed 11 knots, light rain.
2026-06-21 05:39:19 [STATION_CHARLIE] Fuel convoy ETA updated: 40 minutes.
2026-06-21 00:32:12 [STATION_DELTA] Security sweep of perimeter zone B completed.
2026-06-21 10:23:02 [STATION_ALPHA] Weather report: wind speed 11 knots, light rain.
2026-06-21 15:33:21 [COMMAND] Automated telemetry update: battery level 92%.
2026-06-21 17:24:20 [STATION_DELTA] Weekly maintenance scheduled for antenna mast.
2026-06-21 15:59:30 [STATION_CHARLIE] Radio signal check: frequency tuning successful.
2026-06-21 02:34:05 [STATION_BRAVO] Fuel convoy ETA updated: 40 minutes.
2026-06-21 16:59:29 [STATION_DELTA] Weekly maintenance scheduled for antenna mast.
2026-06-21 02:24:51 [RELAY_05] Routine backup completed for network segment 3.
2026-06-21 14:26:29 [PATROL_07] Encrypted packet sent to HQ: checksum 0x7C41.
2026-06-21 22:01:19 [PATROL_07] Fuel convoy ETA updated: 40 minutes.
2026-06-21 07:42:50 [STATION_BRAVO] Patrol unit reporting status: nominal.
2026-06-21 08:11:49 [PATROL_07] Routine backup completed for network segment 3.
2026-06-21 04:09:42 [RECON_03] Fuel convoy ETA updated: 40 minutes.
2026-06-21 08:15:02 [RECON_03] Weekly maintenance scheduled for antenna mast.
2026-06-21 09:39:49 [RECON_03] Automated telemetry update: battery level 92%.
2026-06-21 14:41:36 [STATION_DELTA] Weather report: wind speed 11 knots, light rain.
2026-06-21 03:54:57 [COMMAND] Encrypted packet sent to HQ: checksum 0x7C41.
2026-06-21 09:07:41 [STATION_CHARLIE] Automated telemetry update: battery level 92%.
2026-06-21 02:13:53 [STATION_DELTA] Automated telemetry update: battery level 92%.
2026-06-21 18:22:06 [STATION_ALPHA] Weather report: wind speed 11 knots, light rain.
2026-06-21 14:12:04 [STATION_ALPHA] Automated telemetry update: battery level 92%.
2026-06-21 14:11:09 [PATROL_07] Automated telemetry update: battery level 92%.
2026-06-21 22:17:47 [RECON_03] Radio signal check: frequency tuning successful.
2026-06-21 13:54:36 [RELAY_05] Routine backup completed for network segment 3.
2026-06-21 11:31:46 [COMMAND] Routine backup completed for network segment 3.
2026-06-21 08:00:03 [RELAY_05] Fuel convoy ETA updated: 40 minutes.
2026-06-21 22:53:58 [STATION_ALPHA] Patrol unit reporting status: nominal.
2026-06-21 20:14:52 [RELAY_05] Encrypted packet sent to HQ: checksum 0x7C41.
2026-06-21 02:26:09 [COMMAND] Encrypted packet sent to HQ: checksum 0x7C41.
2026-06-21 02:38:38 [STATION_BRAVO] Radio signal check: frequency tuning successful.
2026-06-21 19:09:03 [RELAY_05] Security sweep of perimeter zone B completed.
2026-06-21 11:46:39 [STATION_CHARLIE] Generator switched to reserve tank.
2026-06-21 20:38:04 [RELAY_05] Radio signal check: frequency tuning successful.
2026-06-21 09:50:30 [RELAY_05] Routine backup completed for network segment 3.
2026-06-21 06:52:09 [PATROL_07] Routine backup completed for network segment 3.
2026-06-21 19:45:04 [COMMAND] Generator switched to reserve tank.
2026-06-21 03:24:05 [STATION_DELTA] Generator switched to reserve tank.
2026-06-21 13:59:41 [STATION_CHARLIE] Weekly maintenance scheduled for antenna mast.
2026-06-21 01:18:07 [COMMAND] Weather report: wind speed 11 knots, light rain.
2026-06-21 23:42:41 [PATROL_07] Encrypted packet sent to HQ: checksum 0x7C41.
2026-06-21 04:41:12 [COMMAND] Automated telemetry update: battery level 92%.
2026-06-21 16:39:56 [STATION_DELTA] Patrol unit reporting status: nominal.
2026-06-21 10:22:37 [STATION_DELTA] Encrypted packet sent to HQ: checksum 0x7C41.
2026-06-21 17:40:04 [RELAY_05] Patrol unit reporting status: nominal.
2026-06-21 06:55:23 [PATROL_07] Encrypted packet sent to HQ: checksum 0x7C41.
2026-06-21 14:13:38 [RELAY_05] Generator switched to reserve tank.
2026-06-21 20:15:13 [STATION_CHARLIE] Security sweep of perimeter zone B completed.
2026-06-21 18:54:40 [STATION_ALPHA] Encrypted packet sent to HQ: checksum 0x7C41.
2026-06-21 08:25:17 [STATION_DELTA] Generator switched to reserve tank.
2026-06-21 21:08:58 [COMMAND] Radio signal check: frequency tuning successful.
2026-06-21 23:44:41 [STATION_DELTA] Automated telemetry update: battery level 92%.
2026-06-21 17:16:36 [COMMAND] Radio signal check: frequency tuning successful.
2026-06-21 11:43:38 [STATION_DELTA] Generator switched to reserve tank.
2026-06-21 11:25:29 [STATION_BRAVO] Radio signal check: frequency tuning successful.
2026-06-21 10:47:57 [STATION_CHARLIE] Patrol unit reporting status: nominal.
2026-06-21 12:57:31 [RELAY_05] Automated telemetry update: battery level 92%.
2026-06-21 15:01:59 [PATROL_07] Patrol unit reporting status: nominal.
2026-06-21 20:40:12 [PATROL_07] Weekly maintenance scheduled for antenna mast.
2026-06-21 13:28:01 [PATROL_07] Security sweep of perimeter zone B completed.
2026-06-21 21:14:44 [STATION_BRAVO] Weather report: wind speed 11 knots, light rain.
2026-06-21 00:12:42 [STATION_BRAVO] Patrol unit reporting status: nominal.
2026-06-21 23:44:41 [STATION_ALPHA] Patrol unit reporting status: nominal.
2026-06-21 12:05:02 [STATION_CHARLIE] Radio signal check: frequency tuning successful.
2026-06-21 00:18:14 [RELAY_05] Automated telemetry update: battery level 92%.
2026-06-21 10:17:41 [STATION_ALPHA] Automated telemetry update: battery level 92%.
2026-06-21 04:43:31 [COMMAND] Fuel convoy ETA updated: 40 minutes.
2026-06-21 06:12:04 [STATION_ALPHA] Routine backup completed for network segment 3.
2026-06-21 07:03:06 [STATION_CHARLIE] Patrol unit reporting status: nominal.
2026-06-21 14:54:33 [RELAY_05] Fuel convoy ETA updated: 40 minutes.
2026-06-21 23:54:44 [STATION_DELTA] Weekly maintenance scheduled for antenna mast.
2026-06-21 14:40:47 [COMMAND] Encrypted packet sent to HQ: checksum 0x7C41.
2026-06-21 04:58:10 [RECON_03] Generator switched to reserve tank.
2026-06-21 01:56:40 [STATION_CHARLIE] Radio signal check: frequency tuning successful.
2026-06-21 01:40:28 [RELAY_05] Routine backup completed for network segment 3.
2026-06-21 14:48:25 [STATION_DELTA] Encrypted packet sent to HQ: checksum 0x7C41.
2026-06-21 06:42:55 [RELAY_05] Weather report: wind speed 11 knots, light rain.
2026-06-21 14:08:08 [STATION_BRAVO] Encrypted packet sent to HQ: checksum 0x7C41.
2026-06-21 15:38:13 [RECON_03] Encrypted packet sent to HQ: checksum 0x7C41.
2026-06-21 11:30:19 [RECON_03] Radio signal check: frequency tuning successful.
2026-06-21 20:39:07 [STATION_ALPHA] Weekly maintenance scheduled for antenna mast.
2026-06-21 12:12:47 [RELAY_05] Generator switched to reserve tank.
2026-06-21 05:34:09 [PATROL_07] Automated telemetry update: battery level 92%.
2026-06-21 02:41:01 [STATION_DELTA] Generator switched to reserve tank.
2026-06-21 06:26:26 [STATION_BRAVO] Generator switched to reserve tank.
2026-06-21 19:03:22 [STATION_CHARLIE] Weekly maintenance scheduled for antenna mast.
2026-06-21 18:11:46 [STATION_BRAVO] Patrol unit reporting status: nominal.
2026-06-21 17:08:41 [STATION_BRAVO] Routine backup completed for network segment 3.
2026-06-21 13:59:09 [STATION_DELTA] Automated telemetry update: battery level 92%.
2026-06-21 23:14:21 [RECON_03] Automated telemetry update: battery level 92%.
2026-06-21 11:18:09 [COMMAND] Encrypted packet sent to HQ: checksum 0x7C41.
2026-06-21 03:44:12 [RELAY_05] Patrol unit reporting status: nominal.
2026-06-21 06:19:23 [STATION_CHARLIE] Weather report: wind speed 11 knots, light rain.
2026-06-21 15:35:32 [STATION_BRAVO] Generator switched to reserve tank.
2026-06-21 07:19:51 [STATION_BRAVO] Security sweep of perimeter zone B completed.
2026-06-21 20:06:47 [STATION_CHARLIE] Patrol unit reporting status: nominal.
2026-06-21 11:06:15 [STATION_BRAVO] Radio signal check: frequency tuning successful.
2026-06-21 07:04:11 [RECON_03] Radio signal check: frequency tuning successful.
2026-06-21 12:20:42 [STATION_CHARLIE] Fuel convoy ETA updated: 40 minutes.
2026-06-21 18:04:32 [STATION_ALPHA] Weather report: wind speed 11 knots, light rain.
2026-06-21 01:03:26 [RECON_03] Weather report: wind speed 11 knots, light rain.
2026-06-21 16:38:59 [STATION_ALPHA] Weekly maintenance scheduled for antenna mast.
2026-06-21 11:58:20 [STATION_ALPHA] Radio signal check: frequency tuning successful.
2026-06-21 18:46:39 [STATION_BRAVO] Generator switched to reserve tank.
2026-06-21 04:04:38 [COMMAND] Generator switched to reserve tank.
2026-06-21 18:34:27 [PATROL_07] Weather report: wind speed 11 knots, light rain.
2026-06-21 21:05:56 [STATION_BRAVO] Security sweep of perimeter zone B completed.
2026-06-21 21:37:39 [STATION_CHARLIE] Encrypted packet sent to HQ: checksum 0x7C41.
2026-06-21 00:07:45 [PATROL_07] Weekly maintenance scheduled for antenna mast.
2026-06-21 14:13:16 [RELAY_05] Generator switched to reserve tank.
2026-06-21 04:51:54 [RECON_03] Radio signal check: frequency tuning successful.
2026-06-21 07:38:01 [STATION_BRAVO] Encrypted packet sent to HQ: checksum 0x7C41.
2026-06-21 13:10:22 [RELAY_05] Patrol unit reporting status: nominal.
2026-06-21 17:07:56 [STATION_BRAVO] Security sweep of perimeter zone B completed.
2026-06-21 03:13:49 [RECON_03] Weekly maintenance scheduled for antenna mast.
2026-06-21 10:23:19 [RELAY_05] Encrypted packet sent to HQ: checksum 0x7C41.
2026-06-21 18:40:18 [STATION_CHARLIE] Weather report: wind speed 11 knots, light rain.
2026-06-21 21:11:47 [COMMAND] Weekly maintenance scheduled for antenna mast.
2026-06-21 04:40:08 [RELAY_05] Routine backup completed for network segment 3.
2026-06-21 21:17:04 [STATION_DELTA] Weather report: wind speed 11 knots, light rain.
2026-06-21 12:49:53 [COMMAND] Radio signal check: frequency tuning successful.
2026-06-21 00:45:28 [RECON_03] Encrypted packet sent to HQ: checksum 0x7C41.
2026-06-21 23:44:13 [STATION_BRAVO] Patrol unit reporting status: nominal.
2026-06-21 04:21:18 [STATION_BRAVO] Generator switched to reserve tank.
2026-06-21 12:47:03 [COMMAND] Security sweep of perimeter zone B completed.
2026-06-21 08:19:48 [STATION_ALPHA] Radio signal check: frequency tuning successful.
2026-06-21 07:13:52 [COMMAND] Patrol unit reporting status: nominal.
2026-06-21 16:22:42 [STATION_ALPHA] Patrol unit reporting status: nominal.
2026-06-21 23:16:55 [STATION_CHARLIE] Generator switched to reserve tank.
2026-06-21 17:43:40 [PATROL_07] Radio signal check: frequency tuning successful.
2026-06-21 18:21:58 [COMMAND] Fuel convoy ETA updated: 40 minutes.
2026-06-21 21:18:19 [STATION_ALPHA] Automated telemetry update: battery level 92%.
2026-06-21 14:01:41 [RECON_03] Radio signal check: frequency tuning successful.
2026-06-21 18:44:45 [COMMAND] Weather report: wind speed 11 knots, light rain.
2026-06-21 17:46:24 [COMMAND] Weather report: wind speed 11 knots, light rain.
2026-06-21 03:06:21 [RELAY_05] Fuel convoy ETA updated: 40 minutes.
2026-06-21 14:13:50 [STATION_BRAVO] Security sweep of perimeter zone B completed.
2026-06-21 10:53:52 [RECON_03] Patrol unit reporting status: nominal.
2026-06-21 14:42:52 [STATION_BRAVO] Patrol unit reporting status: nominal.
2026-06-21 04:56:43 [RELAY_05] Automated telemetry update: battery level 92%.
2026-06-21 10:34:56 [COMMAND] Fuel convoy ETA updated: 40 minutes.
2026-06-21 08:44:03 [RECON_03] Patrol unit reporting status: nominal.
2026-06-21 19:55:22 [STATION_BRAVO] Encrypted packet sent to HQ: checksum 0x7C41.
2026-06-21 23:31:29 [STATION_ALPHA] Fuel convoy ETA updated: 40 minutes.
2026-06-21 19:46:08 [RELAY_05] Fuel convoy ETA updated: 40 minutes.
2026-06-21 23:52:05 [STATION_BRAVO] Encrypted packet sent to HQ: checksum 0x7C41.
2026-06-21 05:56:24 [RECON_03] Radio signal check: frequency tuning successful.
2026-06-21 01:03:33 [STATION_ALPHA] Security sweep of perimeter zone B completed.
2026-06-21 09:52:51 [RELAY_05] Automated telemetry update: battery level 92%.
2026-06-21 10:52:34 [COMMAND] Weekly maintenance scheduled for antenna mast.
2026-06-21 05:46:10 [STATION_CHARLIE] Routine backup completed for network segment 3.
2026-06-21 10:14:02 [COMMAND] Security sweep of perimeter zone B completed.
2026-06-21 00:48:12 [RECON_03] Patrol unit reporting status: nominal.
2026-06-21 10:25:25 [STATION_ALPHA] Radio signal check: frequency tuning successful.
2026-06-21 09:07:37 [RELAY_05] Patrol unit reporting status: nominal.
2026-06-21 13:20:16 [STATION_DELTA] Radio signal check: frequency tuning successful.
2026-06-21 12:56:38 [STATION_CHARLIE] Automated telemetry update: battery level 92%.
2026-06-21 08:11:33 [STATION_ALPHA] Fuel convoy ETA updated: 40 minutes.
2026-06-21 04:20:15 [COMMAND] Automated telemetry update: battery level 92%.
2026-06-21 02:26:10 [COMMAND] Generator switched to reserve tank.
2026-06-21 10:37:06 [STATION_CHARLIE] Patrol unit reporting status: nominal.
2026-06-21 18:11:13 [STATION_BRAVO] Weekly maintenance scheduled for antenna mast.
2026-06-21 03:11:45 [STATION_CHARLIE] Routine backup completed for network segment 3.
2026-06-21 17:51:56 [RECON_03] Weather report: wind speed 11 knots, light rain.
2026-06-21 13:51:58 [STATION_CHARLIE] Weekly maintenance scheduled for antenna mast.
2026-06-21 19:36:11 [STATION_ALPHA] Encrypted packet sent to HQ: checksum 0x7C41.
2026-06-21 23:54:24 [STATION_CHARLIE] Fuel convoy ETA updated: 40 minutes.
2026-06-21 02:43:48 [PATROL_07] Security sweep of perimeter zone B completed.
2026-06-21 13:16:19 [PATROL_07] Automated telemetry update: battery level 92%.
2026-06-21 14:46:08 [STATION_BRAVO] Automated telemetry update: battery level 92%.
2026-06-21 17:39:13 [RECON_03] Fuel convoy ETA updated: 40 minutes.
2026-06-21 05:07:57 [STATION_ALPHA] Weather report: wind speed 11 knots, light rain.
2026-06-21 02:20:34 [RECON_03] Fuel convoy ETA updated: 40 minutes.
2026-06-21 04:44:48 [STATION_DELTA] Security sweep of perimeter zone B completed.
2026-06-21 12:46:19 [RELAY_05] Encrypted packet sent to HQ: checksum 0x7C41.
2026-06-21 12:55:06 [STATION_ALPHA] Weekly maintenance scheduled for antenna mast.
2026-06-21 08:24:46 [PATROL_07] Automated telemetry update: battery level 92%.
2026-06-21 13:15:23 [STATION_BRAVO] Automated telemetry update: battery level 92%.
2026-06-21 09:56:53 [STATION_BRAVO] Generator switched to reserve tank.
2026-06-21 11:46:43 [STATION_DELTA] Routine backup completed for network segment 3.
2026-06-21 02:35:47 [COMMAND] Generator switched to reserve tank.
2026-06-21 12:02:58 [STATION_BRAVO] Security sweep of perimeter zone B completed.
2026-06-21 06:00:14 [STATION_BRAVO] Automated telemetry update: battery level 92%.
2026-06-21 23:01:51 [RELAY_05] Routine backup completed for network segment 3.
2026-06-21 02:01:27 [RELAY_05] Patrol unit reporting status: nominal.
2026-06-21 05:48:51 [RELAY_05] Automated telemetry update: battery level 92%.
2026-06-21 15:23:40 [STATION_CHARLIE] Radio signal check: frequency tuning successful.
2026-06-21 10:18:51 [STATION_DELTA] Encrypted packet sent to HQ: checksum 0x7C41.
2026-06-21 22:51:59 [STATION_DELTA] Automated telemetry update: battery level 92%.
2026-06-21 08:22:23 [STATION_CHARLIE] Patrol unit reporting status: nominal.
2026-06-21 04:13:03 [PATROL_07] Weather report: wind speed 11 knots, light rain.
2026-06-21 08:35:42 [COMMAND] Radio signal check: frequency tuning successful.
2026-06-21 13:33:51 [STATION_DELTA] Routine backup completed for network segment 3.
2026-06-21 09:34:43 [STATION_ALPHA] Generator switched to reserve tank.
2026-06-21 03:41:14 [STATION_BRAVO] Encrypted packet sent to HQ: checksum 0x7C41.
2026-06-21 11:35:22 [STATION_ALPHA] Routine backup completed for network segment 3.
2026-06-21 12:33:58 [STATION_CHARLIE] Radio signal check: frequency tuning successful.
2026-06-21 16:39:28 [COMMAND] Generator switched to reserve tank.
2026-06-21 05:38:49 [STATION_ALPHA] Automated telemetry update: battery level 92%.
2026-06-21 22:43:38 [STATION_CHARLIE] Generator switched to reserve tank.
2026-06-21 01:32:51 [STATION_ALPHA] Fuel convoy ETA updated: 40 minutes.
2026-06-21 03:50:01 [PATROL_07] Patrol unit reporting status: nominal.
2026-06-21 11:52:03 [RELAY_05] Radio signal check: frequency tuning successful.
2026-06-21 14:19:34 [RELAY_05] Encrypted packet sent to HQ: checksum 0x7C41.
2026-06-21 10:17:01 [COMMAND] Weekly maintenance scheduled for antenna mast.
2026-06-21 13:44:00 [STATION_DELTA] Generator switched to reserve tank.
2026-06-21 23:33:31 [RECON_03] Generator switched to reserve tank.
2026-06-21 04:21:54 [PATROL_07] Security sweep of perimeter zone B completed.
2026-06-21 02:33:50 [STATION_CHARLIE] Patrol unit reporting status: nominal.
2026-06-21 12:02:25 [PATROL_07] Fuel convoy ETA updated: 40 minutes.
2026-06-21 15:09:44 [STATION_CHARLIE] Automated telemetry update: battery level 92%.
2026-06-21 22:26:12 [RELAY_05] Security sweep of perimeter zone B completed.
2026-06-21 10:33:44 [RELAY_05] Radio signal check: frequency tuning successful.
2026-06-21 17:52:14 [STATION_BRAVO] Weather report: wind speed 11 knots, light rain.
2026-06-21 16:38:25 [STATION_CHARLIE] Fuel convoy ETA updated: 40 minutes.
2026-06-21 21:54:33 [COMMAND] Routine backup completed for network segment 3.
2026-06-21 01:51:35 [STATION_DELTA] Fuel convoy ETA updated: 40 minutes.
2026-06-21 06:52:34 [STATION_ALPHA] Generator switched to reserve tank.
2026-06-21 13:36:23 [STATION_BRAVO] Generator switched to reserve tank.
2026-06-21 11:11:14 [PATROL_07] Patrol unit reporting status: nominal.
2026-06-21 15:54:41 [COMMAND] Radio signal check: frequency tuning successful.
2026-06-21 06:12:00 [STATION_CHARLIE] Security sweep of perimeter zone B completed.
2026-06-21 10:55:47 [RELAY_05] Weather report: wind speed 11 knots, light rain.
2026-06-21 16:21:42 [COMMAND] Generator switched to reserve tank.
2026-06-21 17:12:56 [PATROL_07] Radio signal check: frequency tuning successful.
2026-06-21 14:27:24 [STATION_CHARLIE] Generator switched to reserve tank.
2026-06-21 09:07:37 [RELAY_05] Patrol unit reporting status: nominal.
2026-06-21 05:19:47 [STATION_ALPHA] Radio signal check: frequency tuning successful.
2026-06-21 22:35:14 [STATION_CHARLIE] Weather report: wind speed 11 knots, light rain.
2026-06-21 02:28:02 [PATROL_07] Radio signal check: frequency tuning successful.
2026-06-21 21:26:02 [STATION_ALPHA] Patrol unit reporting status: nominal.
2026-06-21 05:39:29 [COMMAND] Automated telemetry update: battery level 92%.
2026-06-21 05:28:18 [PATROL_07] Encrypted packet sent to HQ: checksum 0x7C41.
2026-06-21 19:33:08 [RECON_03] Generator switched to reserve tank.
2026-06-21 04:22:52 [STATION_ALPHA] Radio signal check: frequency tuning successful.
2026-06-21 16:25:18 [STATION_ALPHA] Encrypted packet sent to HQ: checksum 0x7C41.
2026-06-21 00:48:58 [COMMAND] Security sweep of perimeter zone B completed.
2026-06-21 02:12:56 [PATROL_07] Weather report: wind speed 11 knots, light rain.
2026-06-21 15:06:49 [RECON_03] Radio signal check: frequency tuning successful.
2026-06-21 19:54:01 [COMMAND] Weather report: wind speed 11 knots, light rain.
2026-06-21 07:51:47 [PATROL_07] Radio signal check: frequency tuning successful.
2026-06-21 05:50:59 [COMMAND] Weather report: wind speed 11 knots, light rain.
2026-06-21 13:16:09 [COMMAND] Patrol unit reporting status: nominal.
2026-06-21 16:18:11 [PATROL_07] Generator switched to reserve tank.
2026-06-21 15:03:41 [STATION_ALPHA] Security sweep of perimeter zone B completed.
2026-06-21 06:24:57 [PATROL_07] Security sweep of perimeter zone B completed.
2026-06-21 04:17:26 [COMMAND] Patrol unit reporting status: nominal.
2026-06-21 13:44:31 [STATION_DELTA] Patrol unit reporting status: nominal.
2026-06-21 11:25:09 [STATION_DELTA] Routine backup completed for network segment 3.
2026-06-21 00:50:53 [STATION_ALPHA] Generator switched to reserve tank.
2026-06-21 16:14:36 [COMMAND] Fuel convoy ETA updated: 40 minutes.
2026-06-21 10:50:27 [RELAY_05] Patrol unit reporting status: nominal.
2026-06-21 10:29:37 [COMMAND] Radio signal check: frequency tuning successful.
2026-06-21 12:13:45 [COMMAND] Routine backup completed for network segment 3.
2026-06-21 15:10:57 [STATION_DELTA] Patrol unit reporting status: nominal.
2026-06-21 15:18:29 [PATROL_07] Fuel convoy ETA updated: 40 minutes.
2026-06-21 22:45:23 [PATROL_07] Patrol unit reporting status: nominal.
2026-06-21 14:14:52 [STATION_BRAVO] Automated telemetry update: battery level 92%.
2026-06-21 02:23:18 [STATION_CHARLIE] Patrol unit reporting status: nominal.
2026-06-21 19:32:37 [STATION_DELTA] Routine backup completed for network segment 3.
2026-06-21 00:09:28 [PATROL_07] Patrol unit reporting status: nominal.
2026-06-21 20:51:28 [STATION_BRAVO] Generator switched to reserve tank.
2026-06-21 11:44:37 [RELAY_05] Radio signal check: frequency tuning successful.
2026-06-21 04:41:42 [RELAY_05] Radio signal check: frequency tuning successful.
2026-06-21 23:06:18 [STATION_ALPHA] Automated telemetry update: battery level 92%.
2026-06-21 21:16:50 [COMMAND] Fuel convoy ETA updated: 40 minutes.
2026-06-21 22:19:01 [RECON_03] Weekly maintenance scheduled for antenna mast.
2026-06-21 23:14:41 [RELAY_05] Weekly maintenance scheduled for antenna mast.
2026-06-21 11:48:08 [RELAY_05] Encrypted packet sent to HQ: checksum 0x7C41.
2026-06-21 12:46:03 [STATION_BRAVO] Weekly maintenance scheduled for antenna mast.
2026-06-21 07:05:45 [STATION_DELTA] Security sweep of perimeter zone B completed.
2026-06-21 09:01:26 [STATION_DELTA] Routine backup completed for network segment 3.
2026-06-21 01:37:20 [RELAY_05] Generator switched to reserve tank.
2026-06-21 22:15:19 [PATROL_07] Security sweep of perimeter zone B completed.
2026-06-21 01:05:06 [PATROL_07] Patrol unit reporting status: nominal.
2026-06-21 12:15:52 [STATION_ALPHA] Fuel convoy ETA updated: 40 minutes.
2026-06-21 09:58:55 [STATION_BRAVO] Security sweep of perimeter zone B completed.
2026-06-21 03:35:06 [STATION_CHARLIE] Patrol unit reporting status: nominal.
2026-06-21 02:59:22 [STATION_BRAVO] Automated telemetry update: battery level 92%.
2026-06-21 18:50:57 [STATION_ALPHA] Routine backup completed for network segment 3.
2026-06-21 22:43:33 [RELAY_05] Generator switched to reserve tank.
2026-06-21 03:05:08 [STATION_CHARLIE] Weather report: wind speed 11 knots, light rain.
2026-06-21 21:52:03 [RECON_03] Security sweep of perimeter zone B completed.
2026-06-21 08:02:53 [STATION_CHARLIE] Fuel convoy ETA updated: 40 minutes.
2026-06-21 05:30:47 [PATROL_07] Generator switched to reserve tank.
2026-06-21 03:42:40 [GHOST_NET] BURST: "Keyholder is online. Tune 167.7 MHz. His callsign is the order key."
2026-06-21 15:10:31 [STATION_ALPHA] Security sweep of perimeter zone B completed.
2026-06-21 23:22:01 [STATION_DELTA] Patrol unit reporting status: nominal.
2026-06-21 19:41:12 [STATION_ALPHA] Automated telemetry update: battery level 92%.
2026-06-21 13:03:36 [STATION_BRAVO] Automated telemetry update: battery level 92%.
2026-06-21 20:36:28 [PATROL_07] Generator switched to reserve tank.
2026-06-21 23:12:44 [RECON_03] Radio signal check: frequency tuning successful.
2026-06-21 16:56:56 [STATION_BRAVO] Radio signal check: frequency tuning successful.
2026-06-21 21:37:58 [STATION_ALPHA] Fuel convoy ETA updated: 40 minutes.
2026-06-21 15:16:04 [RELAY_05] Encrypted packet sent to HQ: checksum 0x7C41.
2026-06-21 01:49:38 [COMMAND] Routine backup completed for network segment 3.
2026-06-21 05:55:23 [RELAY_05] Radio signal check: frequency tuning successful.
2026-06-21 17:59:27 [COMMAND] Weekly maintenance scheduled for antenna mast.
2026-06-21 03:10:07 [STATION_CHARLIE] Routine backup completed for network segment 3.
2026-06-21 07:08:12 [STATION_BRAVO] Security sweep of perimeter zone B completed.
2026-06-21 23:57:49 [RECON_03] Security sweep of perimeter zone B completed.
2026-06-21 07:42:14 [GHOST_NET] BURST: "Order Block 7 is out. Field cipher, repeating key. Read it and burn it."
2026-06-21 07:52:19 [STATION_BRAVO] Weekly maintenance scheduled for antenna mast.
2026-06-21 03:24:59 [STATION_CHARLIE] Security sweep of perimeter zone B completed.
2026-06-21 05:59:54 [COMMAND] Radio signal check: frequency tuning successful.
2026-06-21 14:52:38 [STATION_BRAVO] Routine backup completed for network segment 3.
2026-06-21 01:38:19 [STATION_ALPHA] Fuel convoy ETA updated: 40 minutes.
2026-06-21 23:11:01 [RELAY_05] Fuel convoy ETA updated: 40 minutes.
2026-06-21 10:56:03 [RECON_03] Generator switched to reserve tank.
2026-06-21 01:22:49 [RECON_03] Fuel convoy ETA updated: 40 minutes.
2026-06-21 02:29:49 [STATION_CHARLIE] Radio signal check: frequency tuning successful.
2026-06-21 19:59:39 [COMMAND] Weather report: wind speed 11 knots, light rain.
2026-06-21 18:54:16 [STATION_BRAVO] Weather report: wind speed 11 knots, light rain.
2026-06-21 21:10:07 [STATION_BRAVO] Radio signal check: frequency tuning successful.
2026-06-21 04:04:20 [PATROL_07] Weekly maintenance scheduled for antenna mast.
2026-06-21 15:58:08 [RECON_03] Weather report: wind speed 11 knots, light rain.
2026-06-21 04:31:56 [STATION_BRAVO] Patrol unit reporting status: nominal.
2026-06-21 16:56:40 [PATROL_07] Routine backup completed for network segment 3.
2026-06-21 17:02:34 [STATION_DELTA] Patrol unit reporting status: nominal.
2026-06-21 02:10:03 [COMMAND] Weekly maintenance scheduled for antenna mast.
2026-06-21 23:11:15 [STATION_CHARLIE] Weekly maintenance scheduled for antenna mast.
2026-06-21 21:59:12 [RECON_03] Weather report: wind speed 11 knots, light rain.
2026-06-21 00:14:00 [STATION_DELTA] Encrypted packet sent to HQ: checksum 0x7C41.
2026-06-21 13:36:45 [PATROL_07] Weekly maintenance scheduled for antenna mast.
2026-06-21 18:40:50 [STATION_BRAVO] Weather report: wind speed 11 knots, light rain.
2026-06-21 21:29:20 [COMMAND] Generator switched to reserve tank.
2026-06-21 13:28:56 [COMMAND] Routine backup completed for network segment 3.
2026-06-21 21:18:16 [PATROL_07] Radio signal check: frequency tuning successful.
2026-06-21 02:31:21 [PATROL_07] Generator switched to reserve tank.
2026-06-21 06:23:02 [RELAY_05] Routine backup completed for network segment 3.
2026-06-21 03:27:33 [RELAY_05] Routine backup completed for network segment 3.
2026-06-21 12:53:16 [RECON_03] Security sweep of perimeter zone B completed.
2026-06-21 22:37:08 [STATION_CHARLIE] Generator switched to reserve tank.
2026-06-21 09:35:37 [COMMAND] Fuel convoy ETA updated: 40 minutes.
2026-06-21 16:15:27 [STATION_DELTA] Radio signal check: frequency tuning successful.
2026-06-21 08:05:43 [STATION_DELTA] Routine backup completed for network segment 3.
2026-06-21 11:55:00 [STATION_DELTA] Automated telemetry update: battery level 92%.
2026-06-21 07:04:47 [COMMAND] Weather report: wind speed 11 knots, light rain.
2026-06-21 10:01:02 [STATION_CHARLIE] Radio signal check: frequency tuning successful.
2026-06-21 17:30:29 [COMMAND] Encrypted packet sent to HQ: checksum 0x7C41.
2026-06-21 23:55:48 [COMMAND] Fuel convoy ETA updated: 40 minutes.
2026-06-21 10:54:10 [RELAY_05] Generator switched to reserve tank.
2026-06-21 05:59:50 [STATION_DELTA] Weather report: wind speed 11 knots, light rain.
2026-06-21 16:34:17 [STATION_BRAVO] Patrol unit reporting status: nominal.
2026-06-21 11:00:18 [STATION_BRAVO] Security sweep of perimeter zone B completed.
2026-06-21 06:13:59 [COMMAND] Security sweep of perimeter zone B completed.
2026-06-21 22:24:03 [STATION_CHARLIE] Routine backup completed for network segment 3.
2026-06-21 23:08:27 [COMMAND] Security sweep of perimeter zone B completed.
2026-06-21 03:44:42 [STATION_DELTA] Routine backup completed for network segment 3.
2026-06-21 10:51:35 [STATION_ALPHA] Radio signal check: frequency tuning successful.
2026-06-21 03:07:17 [STATION_CHARLIE] Weekly maintenance scheduled for antenna mast.
2026-06-21 20:31:23 [RECON_03] Generator switched to reserve tank.
2026-06-21 16:40:14 [STATION_DELTA] Encrypted packet sent to HQ: checksum 0x7C41.
2026-06-21 10:09:50 [STATION_ALPHA] Security sweep of perimeter zone B completed.
2026-06-21 10:58:08 [STATION_ALPHA] Routine backup completed for network segment 3.
2026-06-21 03:58:48 [PATROL_07] Patrol unit reporting status: nominal.
2026-06-21 15:41:30 [STATION_ALPHA] Weather report: wind speed 11 knots, light rain.
2026-06-21 04:47:21 [COMMAND] Routine backup completed for network segment 3.
2026-06-21 11:36:56 [RECON_03] Automated telemetry update: battery level 92%.
2026-06-21 04:30:44 [STATION_BRAVO] Security sweep of perimeter zone B completed.
2026-06-21 03:25:34 [RELAY_05] Automated telemetry update: battery level 92%.
2026-06-21 02:18:37 [RELAY_05] Patrol unit reporting status: nominal.
2026-06-21 03:45:26 [COMMAND] Weekly maintenance scheduled for antenna mast.
2026-06-21 19:54:27 [COMMAND] Weather report: wind speed 11 knots, light rain.
2026-06-21 13:26:37 [STATION_CHARLIE] Security sweep of perimeter zone B completed.
2026-06-21 08:57:54 [RECON_03] Weekly maintenance scheduled for antenna mast.
2026-06-21 12:13:38 [STATION_ALPHA] Radio signal check: frequency tuning successful.
2026-06-21 00:07:55 [RELAY_05] Weekly maintenance scheduled for antenna mast.
2026-06-21 16:16:14 [PATROL_07] Encrypted packet sent to HQ: checksum 0x7C41.
2026-06-21 22:08:10 [STATION_BRAVO] Radio signal check: frequency tuning successful.
2026-06-21 15:06:32 [RELAY_05] Weekly maintenance scheduled for antenna mast.
2026-06-21 11:48:08 [STATION_BRAVO] Security sweep of perimeter zone B completed.
2026-06-21 09:13:49 [STATION_ALPHA] Generator switched to reserve tank.
2026-06-21 22:25:36 [PATROL_07] Weekly maintenance scheduled for antenna mast.
2026-06-21 17:08:21 [STATION_DELTA] Encrypted packet sent to HQ: checksum 0x7C41.
2026-06-21 10:23:36 [RECON_03] Routine backup completed for network segment 3.
2026-06-21 19:23:05 [PATROL_07] Generator switched to reserve tank.
2026-06-21 11:42:43 [STATION_CHARLIE] Patrol unit reporting status: nominal.
2026-06-21 15:59:31 [STATION_DELTA] Encrypted packet sent to HQ: checksum 0x7C41.
2026-06-21 06:54:25 [STATION_BRAVO] Automated telemetry update: battery level 92%.
2026-06-21 19:00:47 [RELAY_05] Routine backup completed for network segment 3.
2026-06-21 13:40:50 [RELAY_05] Encrypted packet sent to HQ: checksum 0x7C41.
2026-06-21 16:58:25 [STATION_DELTA] Security sweep of perimeter zone B completed.
2026-06-21 20:57:47 [RECON_03] Encrypted packet sent to HQ: checksum 0x7C41.
2026-06-21 06:26:35 [PATROL_07] Weather report: wind speed 11 knots, light rain.
2026-06-21 17:11:14 [PATROL_07] Automated telemetry update: battery level 92%.
2026-06-21 07:38:44 [RECON_03] Radio signal check: frequency tuning successful.
2026-06-21 11:34:33 [COMMAND] Patrol unit reporting status: nominal.
2026-06-21 13:23:17 [COMMAND] Routine backup completed for network segment 3.
2026-06-21 16:32:50 [STATION_CHARLIE] Security sweep of perimeter zone B completed.
2026-06-21 20:51:38 [STATION_ALPHA] Weather report: wind speed 11 knots, light rain.
2026-06-21 11:38:05 [STATION_DELTA] Encrypted packet sent to HQ: checksum 0x7C41.
2026-06-21 01:37:38 [RELAY_05] Weekly maintenance scheduled for antenna mast.
2026-06-21 23:07:54 [RECON_03] Weekly maintenance scheduled for antenna mast.
2026-06-21 16:52:20 [RELAY_05] Security sweep of perimeter zone B completed.
2026-06-21 23:09:16 [STATION_DELTA] Fuel convoy ETA updated: 40 minutes.
2026-06-21 13:38:18 [COMMAND] Weather report: wind speed 11 knots, light rain.
2026-06-21 05:52:46 [COMMAND] Radio signal check: frequency tuning successful.
2026-06-21 06:42:43 [RECON_03] Security sweep of perimeter zone B completed.
2026-06-21 13:34:35 [STATION_ALPHA] Fuel convoy ETA updated: 40 minutes.
2026-06-21 13:34:49 [COMMAND] Radio signal check: frequency tuning successful.
2026-06-21 06:14:25 [STATION_DELTA] Encrypted packet sent to HQ: checksum 0x7C41.
2026-06-21 22:41:42 [STATION_DELTA] Fuel convoy ETA updated: 40 minutes.
2026-06-21 00:31:54 [STATION_CHARLIE] Patrol unit reporting status: nominal.
2026-06-21 12:11:52 [STATION_BRAVO] Generator switched to reserve tank.
2026-06-21 23:11:32 [STATION_BRAVO] Patrol unit reporting status: nominal.
2026-06-21 02:21:50 [STATION_ALPHA] Weekly maintenance scheduled for antenna mast.
2026-06-21 14:40:46 [STATION_CHARLIE] Weather report: wind speed 11 knots, light rain.
2026-06-21 07:42:56 [STATION_CHARLIE] Patrol unit reporting status: nominal.
2026-06-21 20:39:40 [PATROL_07] Automated telemetry update: battery level 92%.
2026-06-21 05:52:13 [STATION_CHARLIE] Routine backup completed for network segment 3.
2026-06-21 03:26:14 [RECON_03] Automated telemetry update: battery level 92%.
2026-06-21 19:15:25 [RELAY_05] Weekly maintenance scheduled for antenna mast.
2026-06-21 08:40:49 [PATROL_07] Encrypted packet sent to HQ: checksum 0x7C41.
2026-06-21 08:07:50 [PATROL_07] Weather report: wind speed 11 knots, light rain.
2026-06-21 11:57:42 [RECON_03] Encrypted packet sent to HQ: checksum 0x7C41.
2026-06-21 12:35:04 [STATION_CHARLIE] Routine backup completed for network segment 3.
2026-06-21 08:44:25 [COMMAND] Weather report: wind speed 11 knots, light rain.
2026-06-21 05:33:42 [RECON_03] Weekly maintenance scheduled for antenna mast.
2026-06-21 20:40:12 [RECON_03] Automated telemetry update: battery level 92%.
2026-06-21 11:50:52 [STATION_CHARLIE] Routine backup completed for network segment 3.
2026-06-21 08:30:49 [COMMAND] Weather report: wind speed 11 knots, light rain.
2026-06-21 05:42:20 [COMMAND] Weather report: wind speed 11 knots, light rain.
2026-06-21 09:47:34 [RELAY_05] Weekly maintenance scheduled for antenna mast.
2026-06-21 10:36:15 [COMMAND] Encrypted packet sent to HQ: checksum 0x7C41.
2026-06-21 03:48:38 [STATION_BRAVO] Patrol unit reporting status: nominal.
2026-06-21 15:51:56 [COMMAND] Encrypted packet sent to HQ: checksum 0x7C41.
2026-06-21 01:07:40 [PATROL_07] Patrol unit reporting status: nominal.
2026-06-21 14:21:45 [STATION_CHARLIE] Security sweep of perimeter zone B completed.
2026-06-21 01:40:43 [PATROL_07] Weather report: wind speed 11 knots, light rain.
2026-06-21 22:05:11 [RELAY_05] Radio signal check: frequency tuning successful.
2026-06-21 16:07:14 [STATION_CHARLIE] Encrypted packet sent to HQ: checksum 0x7C41.
2026-06-21 17:26:52 [STATION_BRAVO] Routine backup completed for network segment 3.
2026-06-21 05:40:52 [COMMAND] Weekly maintenance scheduled for antenna mast.
2026-06-21 23:53:38 [COMMAND] Radio signal check: frequency tuning successful.
2026-06-21 23:00:40 [COMMAND] Weekly maintenance scheduled for antenna mast.
2026-06-21 23:59:20 [RECON_03] Weather report: wind speed 11 knots, light rain.
2026-06-21 22:12:21 [RELAY_05] Weekly maintenance scheduled for antenna mast.
2026-06-21 12:36:59 [STATION_ALPHA] Automated telemetry update: battery level 92%.
2026-06-21 18:18:22 [STATION_ALPHA] Automated telemetry update: battery level 92%.
2026-06-21 02:00:11 [STATION_BRAVO] Security sweep of perimeter zone B completed.
2026-06-21 17:43:21 [PATROL_07] Routine backup completed for network segment 3.
2026-06-21 21:48:11 [RELAY_05] Routine backup completed for network segment 3.
2026-06-21 07:19:14 [RECON_03] Routine backup completed for network segment 3.
2026-06-21 04:42:52 [STATION_DELTA] Automated telemetry update: battery level 92%.
2026-06-21 13:13:14 [COMMAND] Radio signal check: frequency tuning successful.
2026-06-21 10:38:37 [STATION_ALPHA] Patrol unit reporting status: nominal.
2026-06-21 16:36:56 [STATION_DELTA] Weather report: wind speed 11 knots, light rain.
2026-06-21 19:24:02 [STATION_BRAVO] Weekly maintenance scheduled for antenna mast.
2026-06-21 18:52:23 [RELAY_05] Weekly maintenance scheduled for antenna mast.
2026-06-21 15:44:50 [COMMAND] Routine backup completed for network segment 3.
2026-06-21 16:15:40 [STATION_BRAVO] Encrypted packet sent to HQ: checksum 0x7C41.
2026-06-21 14:14:42 [RELAY_05] Generator switched to reserve tank.
2026-06-21 16:12:09 [COMMAND] Fuel convoy ETA updated: 40 minutes.
2026-06-21 16:03:35 [STATION_CHARLIE] Generator switched to reserve tank.
2026-06-21 21:00:45 [PATROL_07] Security sweep of perimeter zone B completed.
2026-06-21 17:02:09 [STATION_ALPHA] Security sweep of perimeter zone B completed.
2026-06-21 02:38:08 [COMMAND] Routine backup completed for network segment 3.
2026-06-21 11:46:42 [STATION_BRAVO] Routine backup completed for network segment 3.
2026-06-21 08:23:36 [STATION_BRAVO] Generator switched to reserve tank.
2026-06-21 19:02:27 [PATROL_07] Weekly maintenance scheduled for antenna mast.
2026-06-21 16:50:59 [STATION_ALPHA] Generator switched to reserve tank.
2026-06-21 18:58:02 [STATION_DELTA] Fuel convoy ETA updated: 40 minutes.
2026-06-21 12:27:21 [STATION_CHARLIE] Routine backup completed for network segment 3.
2026-06-21 09:48:51 [STATION_BRAVO] Security sweep of perimeter zone B completed.
2026-06-21 09:19:22 [RECON_03] Generator switched to reserve tank.
2026-06-21 07:58:55 [STATION_ALPHA] Patrol unit reporting status: nominal.
2026-06-21 15:26:17 [RELAY_05] Encrypted packet sent to HQ: checksum 0x7C41.
2026-06-21 10:28:41 [STATION_ALPHA] Routine backup completed for network segment 3.
2026-06-21 13:32:03 [COMMAND] Routine backup completed for network segment 3.
2026-06-21 20:05:11 [COMMAND] Fuel convoy ETA updated: 40 minutes.
2026-06-21 19:02:10 [STATION_DELTA] Fuel convoy ETA updated: 40 minutes.
2026-06-21 09:23:23 [STATION_ALPHA] Encrypted packet sent to HQ: checksum 0x7C41.
2026-06-21 00:52:26 [STATION_DELTA] Patrol unit reporting status: nominal.
2026-06-21 22:21:34 [RECON_03] Encrypted packet sent to HQ: checksum 0x7C41.
2026-06-21 17:48:53 [RECON_03] Encrypted packet sent to HQ: checksum 0x7C41.
2026-06-21 14:36:56 [COMMAND] Routine backup completed for network segment 3.
2026-06-21 15:29:42 [RELAY_05] Radio signal check: frequency tuning successful.
2026-06-21 23:07:52 [STATION_DELTA] Radio signal check: frequency tuning successful.
2026-06-21 02:25:41 [PATROL_07] Routine backup completed for network segment 3.
2026-06-21 13:26:42 [STATION_DELTA] Fuel convoy ETA updated: 40 minutes.
2026-06-21 21:36:21 [RECON_03] Automated telemetry update: battery level 92%.
2026-06-21 09:36:36 [STATION_DELTA] Routine backup completed for network segment 3.
2026-06-21 14:34:23 [RECON_03] Automated telemetry update: battery level 92%.
2026-06-21 18:17:29 [RECON_03] Weekly maintenance scheduled for antenna mast.
2026-06-21 15:02:35 [STATION_DELTA] Encrypted packet sent to HQ: checksum 0x7C41.
2026-06-21 06:43:22 [RELAY_05] Automated telemetry update: battery level 92%.
2026-06-21 10:55:53 [COMMAND] Patrol unit reporting status: nominal.
2026-06-21 03:24:57 [STATION_DELTA] Weather report: wind speed 11 knots, light rain.
2026-06-21 14:46:05 [STATION_BRAVO] Generator switched to reserve tank.
2026-06-21 19:18:10 [STATION_ALPHA] Security sweep of perimeter zone B completed.
2026-06-21 17:37:51 [STATION_CHARLIE] Routine backup completed for network segment 3.
2026-06-21 18:52:46 [STATION_ALPHA] Routine backup completed for network segment 3.
2026-06-21 00:42:39 [RECON_03] Encrypted packet sent to HQ: checksum 0x7C41.
2026-06-21 11:30:11 [RELAY_05] Weekly maintenance scheduled for antenna mast.
2026-06-21 01:56:02 [RECON_03] Fuel convoy ETA updated: 40 minutes.
2026-06-21 07:47:11 [RECON_03] Automated telemetry update: battery level 92%.
2026-06-21 07:27:11 [STATION_BRAVO] Weekly maintenance scheduled for antenna mast.
2026-06-21 12:26:27 [STATION_DELTA] Security sweep of perimeter zone B completed.
2026-06-21 13:57:53 [STATION_BRAVO] Security sweep of perimeter zone B completed.
2026-06-21 23:52:28 [PATROL_07] Automated telemetry update: battery level 92%.
2026-06-21 22:31:10 [STATION_CHARLIE] Weather report: wind speed 11 knots, light rain.
2026-06-21 03:09:37 [STATION_CHARLIE] Weather report: wind speed 11 knots, light rain.
2026-06-21 10:46:07 [RELAY_05] Patrol unit reporting status: nominal.
2026-06-21 11:10:41 [RECON_03] Automated telemetry update: battery level 92%.
2026-06-21 08:12:58 [COMMAND] Patrol unit reporting status: nominal.
2026-06-21 22:48:10 [COMMAND] Patrol unit reporting status: nominal.
2026-06-21 15:31:51 [COMMAND] Fuel convoy ETA updated: 40 minutes.
2026-06-21 03:33:36 [RELAY_05] Encrypted packet sent to HQ: checksum 0x7C41.
2026-06-21 01:52:52 [STATION_BRAVO] Radio signal check: frequency tuning successful.
2026-06-21 02:28:19 [STATION_BRAVO] Fuel convoy ETA updated: 40 minutes.
2026-06-21 22:23:27 [RECON_03] Patrol unit reporting status: nominal.
2026-06-21 00:08:38 [COMMAND] Fuel convoy ETA updated: 40 minutes.
2026-06-21 08:09:45 [COMMAND] Fuel convoy ETA updated: 40 minutes.
2026-06-21 10:49:36 [STATION_DELTA] Encrypted packet sent to HQ: checksum 0x7C41.
2026-06-21 02:13:17 [RELAY_05] Radio signal check: frequency tuning successful.
2026-06-21 15:02:15 [STATION_BRAVO] Generator switched to reserve tank.
2026-06-21 17:35:06 [COMMAND] Security sweep of perimeter zone B completed.
2026-06-21 19:00:45 [STATION_CHARLIE] Fuel convoy ETA updated: 40 minutes.
2026-06-21 23:54:00 [PATROL_07] Fuel convoy ETA updated: 40 minutes.
2026-06-21 15:34:04 [COMMAND] Generator switched to reserve tank.
2026-06-21 03:40:27 [STATION_ALPHA] Patrol unit reporting status: nominal.
2026-06-21 23:15:37 [COMMAND] Radio signal check: frequency tuning successful.
2026-06-21 13:29:02 [RECON_03] Fuel convoy ETA updated: 40 minutes.
2026-06-21 12:11:34 [PATROL_07] Weather report: wind speed 11 knots, light rain.
2026-06-21 01:12:38 [STATION_ALPHA] Automated telemetry update: battery level 92%.
2026-06-21 20:01:48 [STATION_ALPHA] Weekly maintenance scheduled for antenna mast.
2026-06-21 04:42:01 [STATION_BRAVO] Security sweep of perimeter zone B completed.
2026-06-21 17:51:30 [PATROL_07] Weekly maintenance scheduled for antenna mast.
2026-06-21 06:15:48 [PATROL_07] Radio signal check: frequency tuning successful.
2026-06-21 10:43:24 [STATION_CHARLIE] Security sweep of perimeter zone B completed.
2026-06-21 14:30:55 [RECON_03] Automated telemetry update: battery level 92%.
2026-06-21 21:55:32 [PATROL_07] Weekly maintenance scheduled for antenna mast.
2026-06-21 08:05:57 [STATION_DELTA] Radio signal check: frequency tuning successful.
2026-06-21 10:02:14 [STATION_ALPHA] Weather report: wind speed 11 knots, light rain.
2026-06-21 01:48:24 [RECON_03] Patrol unit reporting status: nominal.
2026-06-21 15:20:52 [STATION_CHARLIE] Generator switched to reserve tank.
2026-06-21 15:04:36 [RECON_03] Radio signal check: frequency tuning successful.
2026-06-21 04:09:44 [RELAY_05] Patrol unit reporting status: nominal.
2026-06-21 11:06:04 [RECON_03] Security sweep of perimeter zone B completed.
2026-06-21 23:05:21 [STATION_BRAVO] Encrypted packet sent to HQ: checksum 0x7C41.
2026-06-21 00:35:29 [RECON_03] Automated telemetry update: battery level 92%.
2026-06-21 10:37:47 [STATION_CHARLIE] Security sweep of perimeter zone B completed.
2026-06-21 06:09:56 [STATION_DELTA] Weekly maintenance scheduled for antenna mast.
2026-06-21 17:18:09 [STATION_CHARLIE] Patrol unit reporting status: nominal.
2026-06-21 22:59:52 [RELAY_05] Weather report: wind speed 11 knots, light rain.
2026-06-21 08:36:56 [STATION_CHARLIE] Weather report: wind speed 11 knots, light rain.
2026-06-21 14:32:02 [STATION_CHARLIE] Security sweep of perimeter zone B completed.
2026-06-21 01:38:53 [RELAY_05] Encrypted packet sent to HQ: checksum 0x7C41.
2026-06-21 23:23:12 [STATION_CHARLIE] Patrol unit reporting status: nominal.
2026-06-21 05:22:19 [COMMAND] Fuel convoy ETA updated: 40 minutes.
2026-06-21 13:58:40 [PATROL_07] Fuel convoy ETA updated: 40 minutes.
2026-06-21 03:23:34 [PATROL_07] Fuel convoy ETA updated: 40 minutes.
2026-06-21 01:44:37 [COMMAND] Weather report: wind speed 11 knots, light rain.
2026-06-21 16:21:58 [RECON_03] Security sweep of perimeter zone B completed.
2026-06-21 18:35:54 [STATION_DELTA] Weather report: wind speed 11 knots, light rain.
2026-06-21 23:35:57 [PATROL_07] Automated telemetry update: battery level 92%.
2026-06-21 15:18:12 [STATION_CHARLIE] Automated telemetry update: battery level 92%.
2026-06-21 09:20:08 [STATION_BRAVO] Weather report: wind speed 11 knots, light rain.
2026-06-21 01:36:59 [STATION_ALPHA] Automated telemetry update: battery level 92%.
2026-06-21 04:05:05 [PATROL_07] Automated telemetry update: battery level 92%.
2026-06-21 23:56:33 [PATROL_07] Security sweep of perimeter zone B completed.
2026-06-21 02:25:09 [RECON_03] Routine backup completed for network segment 3.
2026-06-21 20:04:12 [STATION_DELTA] Encrypted packet sent to HQ: checksum 0x7C41.
2026-06-21 02:12:47 [STATION_ALPHA] Encrypted packet sent to HQ: checksum 0x7C41.
2026-06-21 14:12:47 [COMMAND] Radio signal check: frequency tuning successful.
2026-06-21 09:24:43 [RELAY_05] Routine backup completed for network segment 3.
2026-06-21 14:12:44 [PATROL_07] Weather report: wind speed 11 knots, light rain.
2026-06-21 15:37:37 [PATROL_07] Security sweep of perimeter zone B completed.
2026-06-21 23:33:28 [RECON_03] Encrypted packet sent to HQ: checksum 0x7C41.
2026-06-21 05:55:17 [STATION_DELTA] Generator switched to reserve tank.
2026-06-21 04:57:53 [COMMAND] Security sweep of perimeter zone B completed.
2026-06-21 04:45:18 [PATROL_07] Routine backup completed for network segment 3.
2026-06-21 13:36:04 [STATION_BRAVO] Patrol unit reporting status: nominal.
2026-06-21 03:31:11 [RECON_03] Encrypted packet sent to HQ: checksum 0x7C41.
2026-06-21 01:11:57 [STATION_BRAVO] Security sweep of perimeter zone B completed.
2026-06-21 02:07:43 [STATION_CHARLIE] Fuel convoy ETA updated: 40 minutes.
2026-06-21 07:41:16 [STATION_ALPHA] Weekly maintenance scheduled for antenna mast.
2026-06-21 00:25:34 [PATROL_07] Radio signal check: frequency tuning successful.
2026-06-21 23:16:43 [STATION_CHARLIE] Encrypted packet sent to HQ: checksum 0x7C41.
2026-06-21 04:55:48 [RELAY_05] Weekly maintenance scheduled for antenna mast.
2026-06-21 22:05:21 [COMMAND] Fuel convoy ETA updated: 40 minutes.
2026-06-21 10:45:12 [STATION_DELTA] Automated telemetry update: battery level 92%.
2026-06-21 05:21:39 [STATION_BRAVO] Encrypted packet sent to HQ: checksum 0x7C41.
2026-06-21 10:41:22 [RELAY_05] Radio signal check: frequency tuning successful.
2026-06-21 20:44:40 [RELAY_05] Encrypted packet sent to HQ: checksum 0x7C41.
2026-06-21 10:26:32 [STATION_ALPHA] Weather report: wind speed 11 knots, light rain.
2026-06-21 00:53:30 [PATROL_07] Radio signal check: frequency tuning successful.
2026-06-21 11:26:39 [RECON_03] Radio signal check: frequency tuning successful.
2026-06-21 01:29:16 [STATION_DELTA] Weekly maintenance scheduled for antenna mast.
2026-06-21 07:00:27 [STATION_BRAVO] Weather report: wind speed 11 knots, light rain.
2026-06-21 23:00:12 [COMMAND] Radio signal check: frequency tuning successful.
2026-06-21 18:21:53 [RECON_03] Fuel convoy ETA updated: 40 minutes.
2026-06-21 22:16:21 [RELAY_05] Radio signal check: frequency tuning successful.
2026-06-21 05:18:43 [STATION_ALPHA] Encrypted packet sent to HQ: checksum 0x7C41.
2026-06-21 06:24:31 [COMMAND] Automated telemetry update: battery level 92%.
2026-06-21 09:05:26 [PATROL_07] Security sweep of perimeter zone B completed.
2026-06-21 04:11:01 [STATION_DELTA] Weather report: wind speed 11 knots, light rain.
2026-06-21 07:57:08 [STATION_BRAVO] Patrol unit reporting status: nominal.
2026-06-21 14:40:18 [STATION_CHARLIE] Generator switched to reserve tank.
2026-06-21 21:06:44 [STATION_ALPHA] Weather report: wind speed 11 knots, light rain.
2026-06-21 21:31:06 [RELAY_05] Radio signal check: frequency tuning successful.
2026-06-21 11:36:12 [RECON_03] Patrol unit reporting status: nominal.
2026-06-21 13:46:26 [STATION_DELTA] Encrypted packet sent to HQ: checksum 0x7C41.
2026-06-21 04:50:04 [COMMAND] Weekly maintenance scheduled for antenna mast.
2026-06-21 12:08:19 [RECON_03] Encrypted packet sent to HQ: checksum 0x7C41.
2026-06-21 12:18:41 [STATION_DELTA] Generator switched to reserve tank.
2026-06-21 19:39:37 [STATION_BRAVO] Automated telemetry update: battery level 92%.
2026-06-21 18:14:35 [STATION_DELTA] Generator switched to reserve tank.
2026-06-21 18:27:34 [STATION_BRAVO] Encrypted packet sent to HQ: checksum 0x7C41.
2026-06-21 01:05:05 [RECON_03] Patrol unit reporting status: nominal.
2026-06-21 10:09:38 [STATION_CHARLIE] Weekly maintenance scheduled for antenna mast.
2026-06-21 02:45:42 [PATROL_07] Weather report: wind speed 11 knots, light rain.
2026-06-21 22:28:48 [RECON_03] Generator switched to reserve tank.
2026-06-21 00:45:06 [STATION_CHARLIE] Weekly maintenance scheduled for antenna mast.
2026-06-21 10:36:12 [RECON_03] Security sweep of perimeter zone B completed.
2026-06-21 03:38:29 [STATION_BRAVO] Weather report: wind speed 11 knots, light rain.
2026-06-21 09:46:20 [STATION_DELTA] Generator switched to reserve tank.
2026-06-21 09:44:33 [STATION_BRAVO] Generator switched to reserve tank.
2026-06-21 13:49:40 [STATION_BRAVO] Patrol unit reporting status: nominal.
2026-06-21 09:56:41 [STATION_DELTA] Patrol unit reporting status: nominal.
2026-06-21 05:41:05 [STATION_BRAVO] Generator switched to reserve tank.
2026-06-21 07:53:29 [STATION_CHARLIE] Security sweep of perimeter zone B completed.
2026-06-21 22:01:48 [STATION_BRAVO] Routine backup completed for network segment 3.
2026-06-21 05:23:06 [COMMAND] Patrol unit reporting status: nominal.
2026-06-21 01:07:46 [STATION_ALPHA] Encrypted packet sent to HQ: checksum 0x7C41.
2026-06-21 23:43:06 [STATION_ALPHA] Automated telemetry update: battery level 92%.
2026-06-21 03:36:59 [COMMAND] Generator switched to reserve tank.
2026-06-21 02:05:53 [STATION_DELTA] Automated telemetry update: battery level 92%.
2026-06-21 03:37:04 [STATION_ALPHA] Automated telemetry update: battery level 92%.
2026-06-21 19:44:32 [STATION_BRAVO] Fuel convoy ETA updated: 40 minutes.
2026-06-21 21:42:40 [STATION_CHARLIE] Encrypted packet sent to HQ: checksum 0x7C41.
2026-06-21 21:44:42 [COMMAND] Automated telemetry update: battery level 92%.
2026-06-21 06:07:47 [RELAY_05] Routine backup completed for network segment 3.
2026-06-21 20:32:25 [COMMAND] Weather report: wind speed 11 knots, light rain.
2026-06-21 22:01:10 [RELAY_05] Generator switched to reserve tank.
2026-06-21 03:43:26 [COMMAND] Patrol unit reporting status: nominal.
2026-06-21 21:20:16 [STATION_CHARLIE] Routine backup completed for network segment 3.
2026-06-21 03:03:32 [PATROL_07] Security sweep of perimeter zone B completed.
2026-06-21 15:14:13 [PATROL_07] Fuel convoy ETA updated: 40 minutes.
2026-06-21 18:48:04 [STATION_ALPHA] Weather report: wind speed 11 knots, light rain.
2026-06-21 02:43:30 [PATROL_07] Fuel convoy ETA updated: 40 minutes.
2026-06-21 04:16:17 [RECON_03] Weekly maintenance scheduled for antenna mast.
2026-06-21 06:05:23 [COMMAND] Fuel convoy ETA updated: 40 minutes.
2026-06-21 11:31:20 [PATROL_07] Automated telemetry update: battery level 92%.
2026-06-21 23:28:57 [RELAY_05] Automated telemetry update: battery level 92%.
2026-06-21 10:34:41 [STATION_CHARLIE] Weekly maintenance scheduled for antenna mast.
2026-06-21 01:59:38 [STATION_DELTA] Automated telemetry update: battery level 92%.
2026-06-21 12:59:37 [STATION_BRAVO] Routine backup completed for network segment 3.
2026-06-21 04:21:39 [STATION_ALPHA] Weather report: wind speed 11 knots, light rain.
2026-06-21 11:55:15 [STATION_CHARLIE] Patrol unit reporting status: nominal.
2026-06-21 01:57:41 [RELAY_05] Weather report: wind speed 11 knots, light rain.
2026-06-21 23:03:49 [RECON_03] Weekly maintenance scheduled for antenna mast.
2026-06-21 23:10:38 [STATION_CHARLIE] Security sweep of perimeter zone B completed.
2026-06-21 12:20:16 [RELAY_05] Fuel convoy ETA updated: 40 minutes.
2026-06-21 12:48:18 [STATION_CHARLIE] Encrypted packet sent to HQ: checksum 0x7C41.
2026-06-21 16:41:07 [STATION_ALPHA] Security sweep of perimeter zone B completed.
2026-06-21 14:49:04 [PATROL_07] Automated telemetry update: battery level 92%.
2026-06-21 04:49:12 [STATION_ALPHA] Radio signal check: frequency tuning successful.
2026-06-21 08:27:16 [RECON_03] Fuel convoy ETA updated: 40 minutes.
2026-06-21 11:03:45 [STATION_BRAVO] Radio signal check: frequency tuning successful.
2026-06-21 14:05:56 [STATION_ALPHA] Radio signal check: frequency tuning successful.
2026-06-21 03:25:23 [STATION_ALPHA] Encrypted packet sent to HQ: checksum 0x7C41.
2026-06-21 19:53:37 [PATROL_07] Security sweep of perimeter zone B completed.
2026-06-21 01:36:20 [STATION_CHARLIE] Weather report: wind speed 11 knots, light rain.
2026-06-21 02:05:52 [COMMAND] Encrypted packet sent to HQ: checksum 0x7C41.
2026-06-21 09:57:28 [RELAY_05] Weather report: wind speed 11 knots, light rain.
2026-06-21 09:41:30 [STATION_DELTA] Weather report: wind speed 11 knots, light rain.
2026-06-21 20:32:59 [PATROL_07] Radio signal check: frequency tuning successful.
2026-06-21 07:42:21 [PATROL_07] Weather report: wind speed 11 knots, light rain.
2026-06-21 22:19:56 [COMMAND] Radio signal check: frequency tuning successful.
2026-06-21 03:16:58 [STATION_BRAVO] Fuel convoy ETA updated: 40 minutes.
2026-06-21 12:25:30 [COMMAND] Weekly maintenance scheduled for antenna mast.
2026-06-21 06:13:31 [RECON_03] Weekly maintenance scheduled for antenna mast.
2026-06-21 06:02:54 [STATION_ALPHA] Weekly maintenance scheduled for antenna mast.
2026-06-21 10:00:32 [STATION_BRAVO] Routine backup completed for network segment 3.
2026-06-21 13:53:07 [RELAY_05] Automated telemetry update: battery level 92%.
2026-06-21 20:48:24 [RECON_03] Weekly maintenance scheduled for antenna mast.
2026-06-21 11:50:21 [STATION_BRAVO] Patrol unit reporting status: nominal.
2026-06-21 23:41:01 [STATION_ALPHA] Fuel convoy ETA updated: 40 minutes.
2026-06-21 12:42:10 [RELAY_05] Weather report: wind speed 11 knots, light rain.
2026-06-21 05:04:13 [COMMAND] Weather report: wind speed 11 knots, light rain.
2026-06-21 14:15:13 [STATION_CHARLIE] Patrol unit reporting status: nominal.
2026-06-21 13:58:37 [STATION_BRAVO] Weather report: wind speed 11 knots, light rain.
2026-06-21 02:08:09 [STATION_CHARLIE] Fuel convoy ETA updated: 40 minutes.
2026-06-21 13:06:12 [COMMAND] Routine backup completed for network segment 3.
2026-06-21 06:15:27 [RELAY_05] Patrol unit reporting status: nominal.
2026-06-21 22:38:42 [RECON_03] Patrol unit reporting status: nominal.
2026-06-21 18:24:59 [RECON_03] Security sweep of perimeter zone B completed.
2026-06-21 10:54:42 [COMMAND] Radio signal check: frequency tuning successful.
2026-06-21 21:48:57 [RELAY_05] Radio signal check: frequency tuning successful.
2026-06-21 14:37:23 [COMMAND] Weekly maintenance scheduled for antenna mast.
2026-06-21 13:35:12 [RELAY_05] Radio signal check: frequency tuning successful.
2026-06-21 08:35:07 [PATROL_07] Encrypted packet sent to HQ: checksum 0x7C41.
2026-06-21 06:29:35 [STATION_DELTA] Patrol unit reporting status: nominal.
2026-06-21 07:52:56 [COMMAND] Radio signal check: frequency tuning successful.
2026-06-21 06:43:03 [PATROL_07] Radio signal check: frequency tuning successful.
2026-06-21 12:25:09 [COMMAND] Patrol unit reporting status: nominal.
2026-06-21 21:42:30 [STATION_DELTA] Routine backup completed for network segment 3.
2026-06-21 01:57:45 [COMMAND] Fuel convoy ETA updated: 40 minutes.
2026-06-21 00:34:39 [STATION_ALPHA] Security sweep of perimeter zone B completed.
2026-06-21 08:29:20 [PATROL_07] Weather report: wind speed 11 knots, light rain.
2026-06-21 10:00:53 [COMMAND] Security sweep of perimeter zone B completed.
2026-06-21 10:41:17 [COMMAND] Radio signal check: frequency tuning successful.
2026-06-21 21:18:19 [STATION_BRAVO] Fuel convoy ETA updated: 40 minutes.
2026-06-21 20:31:14 [STATION_BRAVO] Weekly maintenance scheduled for antenna mast.
2026-06-21 02:45:49 [STATION_DELTA] Weather report: wind speed 11 knots, light rain.
2026-06-21 11:29:23 [PATROL_07] Automated telemetry update: battery level 92%.
2026-06-21 18:46:51 [RELAY_05] Weather report: wind speed 11 knots, light rain.
2026-06-21 16:03:13 [COMMAND] Automated telemetry update: battery level 92%.
2026-06-21 22:00:03 [STATION_ALPHA] Encrypted packet sent to HQ: checksum 0x7C41.
2026-06-21 06:51:25 [RELAY_05] Fuel convoy ETA updated: 40 minutes.
2026-06-21 05:36:28 [STATION_ALPHA] Fuel convoy ETA updated: 40 minutes.
2026-06-21 12:34:04 [RECON_03] Fuel convoy ETA updated: 40 minutes.
2026-06-21 09:08:24 [RELAY_05] Encrypted packet sent to HQ: checksum 0x7C41.
2026-06-21 21:45:26 [PATROL_07] Encrypted packet sent to HQ: checksum 0x7C41.
2026-06-21 18:19:55 [RELAY_05] Encrypted packet sent to HQ: checksum 0x7C41.
2026-06-21 00:28:28 [PATROL_07] Radio signal check: frequency tuning successful.
2026-06-21 03:25:41 [STATION_BRAVO] Patrol unit reporting status: nominal.
2026-06-21 05:29:28 [PATROL_07] Generator switched to reserve tank.
2026-06-21 07:05:29 [RECON_03] Patrol unit reporting status: nominal.
2026-06-21 20:29:46 [COMMAND] Weather report: wind speed 11 knots, light rain.
2026-06-21 17:16:01 [STATION_ALPHA] Weather report: wind speed 11 knots, light rain.
2026-06-21 19:39:06 [COMMAND] Weekly maintenance scheduled for antenna mast.
2026-06-21 15:47:53 [PATROL_07] Security sweep of perimeter zone B completed.
2026-06-21 21:54:02 [PATROL_07] Weather report: wind speed 11 knots, light rain.
2026-06-21 10:27:16 [COMMAND] Encrypted packet sent to HQ: checksum 0x7C41.
2026-06-21 13:26:05 [PATROL_07] Automated telemetry update: battery level 92%.
2026-06-21 11:18:46 [STATION_BRAVO] Generator switched to reserve tank.
2026-06-21 21:01:37 [STATION_BRAVO] Routine backup completed for network segment 3.
2026-06-21 03:46:49 [RELAY_05] Security sweep of perimeter zone B completed.
2026-06-21 10:19:14 [STATION_BRAVO] Generator switched to reserve tank.
2026-06-21 03:40:51 [STATION_ALPHA] Generator switched to reserve tank.
2026-06-21 14:04:37 [STATION_CHARLIE] Patrol unit reporting status: nominal.
2026-06-21 11:15:01 [STATION_CHARLIE] Routine backup completed for network segment 3.
2026-06-21 05:30:06 [STATION_BRAVO] Weekly maintenance scheduled for antenna mast.
2026-06-21 21:44:08 [STATION_CHARLIE] Patrol unit reporting status: nominal.
2026-06-21 02:18:59 [COMMAND] Encrypted packet sent to HQ: checksum 0x7C41.
2026-06-21 15:19:46 [STATION_DELTA] Weather report: wind speed 11 knots, light rain.
2026-06-21 10:06:24 [COMMAND] Generator switched to reserve tank.
2026-06-21 00:06:33 [STATION_CHARLIE] Encrypted packet sent to HQ: checksum 0x7C41.
2026-06-21 14:37:37 [STATION_DELTA] Weekly maintenance scheduled for antenna mast.
2026-06-21 23:15:27 [STATION_BRAVO] Radio signal check: frequency tuning successful.
2026-06-21 12:29:30 [STATION_BRAVO] Routine backup completed for network segment 3.
2026-06-21 05:58:40 [STATION_BRAVO] Security sweep of perimeter zone B completed.
2026-06-21 02:43:38 [RECON_03] Fuel convoy ETA updated: 40 minutes.
2026-06-21 17:12:56 [STATION_DELTA] Patrol unit reporting status: nominal.
2026-06-21 10:22:29 [STATION_BRAVO] Radio signal check: frequency tuning successful.
2026-06-21 07:10:33 [STATION_ALPHA] Radio signal check: frequency tuning successful.
2026-06-21 22:26:50 [STATION_ALPHA] Weather report: wind speed 11 knots, light rain.
2026-06-21 15:55:42 [STATION_BRAVO] Patrol unit reporting status: nominal.
2026-06-21 13:44:56 [COMMAND] Security sweep of perimeter zone B completed.
2026-06-21 08:58:06 [COMMAND] Patrol unit reporting status: nominal.
2026-06-21 03:25:16 [COMMAND] Generator switched to reserve tank.
2026-06-21 01:26:44 [PATROL_07] Weather report: wind speed 11 knots, light rain.
2026-06-21 17:29:25 [STATION_CHARLIE] Security sweep of perimeter zone B completed.
2026-06-21 04:54:35 [PATROL_07] Routine backup completed for network segment 3.
2026-06-21 01:03:48 [STATION_ALPHA] Generator switched to reserve tank.
2026-06-21 23:35:40 [PATROL_07] Automated telemetry update: battery level 92%.
2026-06-21 11:44:05 [STATION_ALPHA] Weather report: wind speed 11 knots, light rain.
2026-06-21 09:43:19 [RELAY_05] Automated telemetry update: battery level 92%.
2026-06-21 18:25:36 [RELAY_05] Weekly maintenance scheduled for antenna mast.
2026-06-21 08:06:48 [PATROL_07] Generator switched to reserve tank.
2026-06-21 04:59:39 [PATROL_07] Fuel convoy ETA updated: 40 minutes.
2026-06-21 20:17:35 [COMMAND] Encrypted packet sent to HQ: checksum 0x7C41.
2026-06-21 01:20:44 [STATION_CHARLIE] Weather report: wind speed 11 knots, light rain.
2026-06-21 06:15:50 [RELAY_05] Fuel convoy ETA updated: 40 minutes.
2026-06-21 11:10:43 [PATROL_07] Security sweep of perimeter zone B completed.
2026-06-21 22:22:11 [STATION_DELTA] Encrypted packet sent to HQ: checksum 0x7C41.
2026-06-21 21:42:30 [STATION_BRAVO] Routine backup completed for network segment 3.
2026-06-21 09:31:52 [STATION_DELTA] Patrol unit reporting status: nominal.
2026-06-21 03:54:04 [RECON_03] Radio signal check: frequency tuning successful.
2026-06-21 19:58:52 [PATROL_07] Generator switched to reserve tank.
2026-06-21 01:47:07 [RECON_03] Weather report: wind speed 11 knots, light rain.
2026-06-21 01:08:30 [PATROL_07] Weekly maintenance scheduled for antenna mast.
2026-06-21 10:53:21 [STATION_BRAVO] Patrol unit reporting status: nominal.
2026-06-21 21:33:34 [STATION_DELTA] Security sweep of perimeter zone B completed.
2026-06-21 20:31:47 [RELAY_05] Weekly maintenance scheduled for antenna mast.
2026-06-21 04:29:38 [STATION_DELTA] Radio signal check: frequency tuning successful.
2026-06-21 14:16:54 [RECON_03] Weekly maintenance scheduled for antenna mast.
2026-06-21 10:48:23 [RECON_03] Encrypted packet sent to HQ: checksum 0x7C41.
2026-06-21 04:59:21 [STATION_CHARLIE] Routine backup completed for network segment 3.
2026-06-21 21:32:08 [STATION_DELTA] Automated telemetry update: battery level 92%.
2026-06-21 01:07:04 [PATROL_07] Patrol unit reporting status: nominal.
2026-06-21 11:14:27 [STATION_DELTA] Fuel convoy ETA updated: 40 minutes.
2026-06-21 18:54:52 [STATION_CHARLIE] Weekly maintenance scheduled for antenna mast.
2026-06-21 08:07:18 [COMMAND] Weather report: wind speed 11 knots, light rain.
2026-06-21 01:44:54 [STATION_CHARLIE] Radio signal check: frequency tuning successful.
2026-06-21 06:15:34 [COMMAND] Weekly maintenance scheduled for antenna mast.
2026-06-21 15:30:47 [STATION_ALPHA] Routine backup completed for network segment 3.
2026-06-21 06:08:02 [RELAY_05] Encrypted packet sent to HQ: checksum 0x7C41.
2026-06-21 13:53:32 [STATION_BRAVO] Automated telemetry update: battery level 92%.
2026-06-21 10:51:34 [STATION_ALPHA] Generator switched to reserve tank.
2026-06-21 22:46:58 [STATION_CHARLIE] Radio signal check: frequency tuning successful.
2026-06-21 01:20:22 [STATION_BRAVO] Security sweep of perimeter zone B completed.
2026-06-21 19:54:03 [COMMAND] Weather report: wind speed 11 knots, light rain.
2026-06-21 13:51:00 [RECON_03] Radio signal check: frequency tuning successful.
2026-06-21 16:46:40 [STATION_CHARLIE] Automated telemetry update: battery level 92%.
2026-06-21 04:59:51 [RECON_03] Generator switched to reserve tank.
2026-06-21 18:01:08 [STATION_ALPHA] Patrol unit reporting status: nominal.
2026-06-21 19:05:08 [COMMAND] Radio signal check: frequency tuning successful.
2026-06-21 22:02:50 [STATION_ALPHA] Fuel convoy ETA updated: 40 minutes.
2026-06-21 11:16:58 [RELAY_05] Automated telemetry update: battery level 92%.
2026-06-21 18:25:56 [STATION_ALPHA] Weather report: wind speed 11 knots, light rain.
2026-06-21 08:41:11 [PATROL_07] Automated telemetry update: battery level 92%.
2026-06-21 05:29:45 [STATION_DELTA] Weekly maintenance scheduled for antenna mast.
2026-06-21 08:36:10 [PATROL_07] Radio signal check: frequency tuning successful.
2026-06-21 21:07:34 [COMMAND] Generator switched to reserve tank.
2026-06-21 03:59:53 [STATION_ALPHA] Patrol unit reporting status: nominal.
2026-06-21 15:59:30 [COMMAND] Weather report: wind speed 11 knots, light rain.
2026-06-21 21:39:23 [PATROL_07] Patrol unit reporting status: nominal.
2026-06-21 01:39:34 [STATION_CHARLIE] Fuel convoy ETA updated: 40 minutes.
2026-06-21 03:37:46 [RECON_03] Security sweep of perimeter zone B completed.
2026-06-21 00:52:19 [STATION_DELTA] Automated telemetry update: battery level 92%.
2026-06-21 13:30:57 [STATION_BRAVO] Weather report: wind speed 11 knots, light rain.
2026-06-21 08:06:06 [STATION_BRAVO] Radio signal check: frequency tuning successful.
2026-06-21 08:46:36 [PATROL_07] Automated telemetry update: battery level 92%.
2026-06-21 10:17:47 [STATION_CHARLIE] Weekly maintenance scheduled for antenna mast.
2026-06-21 19:41:25 [STATION_DELTA] Weather report: wind speed 11 knots, light rain.
2026-06-21 15:28:43 [STATION_BRAVO] Weekly maintenance scheduled for antenna mast.
2026-06-21 15:08:58 [STATION_ALPHA] Weather report: wind speed 11 knots, light rain.
2026-06-21 21:54:43 [PATROL_07] Fuel convoy ETA updated: 40 minutes.
2026-06-21 08:58:22 [COMMAND] Generator switched to reserve tank.
2026-06-21 13:23:21 [STATION_DELTA] Patrol unit reporting status: nominal.
2026-06-21 22:46:28 [RELAY_05] Weekly maintenance scheduled for antenna mast.
2026-06-21 00:19:54 [RELAY_05] Generator switched to reserve tank.
2026-06-21 08:54:49 [STATION_DELTA] Weekly maintenance scheduled for antenna mast.
2026-06-21 21:57:36 [STATION_ALPHA] Automated telemetry update: battery level 92%.
2026-06-21 18:55:55 [STATION_ALPHA] Security sweep of perimeter zone B completed.
2026-06-21 14:13:32 [STATION_ALPHA] Security sweep of perimeter zone B completed.
2026-06-21 01:53:05 [STATION_BRAVO] Patrol unit reporting status: nominal.
2026-06-21 11:44:02 [RELAY_05] Security sweep of perimeter zone B completed.
2026-06-21 07:28:50 [RECON_03] Weather report: wind speed 11 knots, light rain.
2026-06-21 03:05:28 [PATROL_07] Patrol unit reporting status: nominal.
2026-06-21 17:47:19 [STATION_BRAVO] Generator switched to reserve tank.
2026-06-21 23:49:10 [STATION_DELTA] Security sweep of perimeter zone B completed.
2026-06-21 06:36:53 [STATION_DELTA] Generator switched to reserve tank.
2026-06-21 01:17:13 [COMMAND] Automated telemetry update: battery level 92%.
2026-06-21 03:23:39 [RELAY_05] Encrypted packet sent to HQ: checksum 0x7C41.
2026-06-21 17:11:04 [STATION_DELTA] Generator switched to reserve tank.
2026-06-21 10:10:03 [STATION_BRAVO] Routine backup completed for network segment 3.
2026-06-21 00:23:32 [RELAY_05] Weekly maintenance scheduled for antenna mast.
2026-06-21 17:06:41 [STATION_DELTA] Automated telemetry update: battery level 92%.
2026-06-21 02:46:46 [STATION_CHARLIE] Patrol unit reporting status: nominal.
2026-06-21 05:30:53 [STATION_DELTA] Generator switched to reserve tank.
2026-06-21 19:26:19 [STATION_ALPHA] Security sweep of perimeter zone B completed.
2026-06-21 03:24:59 [STATION_CHARLIE] Fuel convoy ETA updated: 40 minutes.
2026-06-21 12:31:51 [STATION_DELTA] Security sweep of perimeter zone B completed.
2026-06-21 20:49:21 [RECON_03] Radio signal check: frequency tuning successful.
2026-06-21 15:05:20 [PATROL_07] Weather report: wind speed 11 knots, light rain.
2026-06-21 04:18:15 [RECON_03] Fuel convoy ETA updated: 40 minutes.
2026-06-21 14:21:13 [RELAY_05] Radio signal check: frequency tuning successful.
2026-06-21 06:29:06 [STATION_ALPHA] Patrol unit reporting status: nominal.
2026-06-21 09:52:21 [RECON_03] Weekly maintenance scheduled for antenna mast.
2026-06-21 03:40:53 [STATION_ALPHA] Security sweep of perimeter zone B completed.
2026-06-21 06:57:36 [STATION_CHARLIE] Generator switched to reserve tank.
2026-06-21 09:52:31 [RECON_03] Weekly maintenance scheduled for antenna mast.
2026-06-21 05:23:03 [PATROL_07] Fuel convoy ETA updated: 40 minutes.
2026-06-21 04:57:45 [RECON_03] Routine backup completed for network segment 3.
2026-06-21 14:07:31 [PATROL_07] Generator switched to reserve tank.
2026-06-21 01:34:14 [RELAY_05] Weather report: wind speed 11 knots, light rain.
2026-06-21 23:00:41 [STATION_DELTA] Weather report: wind speed 11 knots, light rain.
2026-06-21 13:07:33 [PATROL_07] Generator switched to reserve tank.
2026-06-21 10:07:33 [RELAY_05] Generator switched to reserve tank.
2026-06-21 01:29:25 [STATION_BRAVO] Weather report: wind speed 11 knots, light rain.
2026-06-21 07:55:18 [STATION_BRAVO] Weather report: wind speed 11 knots, light rain.
2026-06-21 17:53:34 [RECON_03] Encrypted packet sent to HQ: checksum 0x7C41.
2026-06-21 06:48:10 [STATION_DELTA] Generator switched to reserve tank.
2026-06-21 03:02:20 [STATION_ALPHA] Automated telemetry update: battery level 92%.
2026-06-21 03:31:04 [PATROL_07] Fuel convoy ETA updated: 40 minutes.
2026-06-21 21:40:27 [STATION_CHARLIE] Radio signal check: frequency tuning successful.
2026-06-21 20:10:14 [RECON_03] Automated telemetry update: battery level 92%.
2026-06-21 09:48:43 [STATION_CHARLIE] Radio signal check: frequency tuning successful.
2026-06-21 04:30:49 [STATION_DELTA] Security sweep of perimeter zone B completed.
2026-06-21 14:47:52 [RELAY_05] Weather report: wind speed 11 knots, light rain.
2026-06-21 10:38:32 [STATION_BRAVO] Generator switched to reserve tank.
2026-06-21 01:57:26 [COMMAND] Security sweep of perimeter zone B completed.
2026-06-21 17:31:22 [RECON_03] Weekly maintenance scheduled for antenna mast.
2026-06-21 17:25:20 [STATION_ALPHA] Patrol unit reporting status: nominal.
2026-06-21 06:39:09 [STATION_CHARLIE] Routine backup completed for network segment 3.
2026-06-21 12:04:32 [PATROL_07] Automated telemetry update: battery level 92%.
2026-06-21 18:05:01 [STATION_BRAVO] Radio signal check: frequency tuning successful.
2026-06-21 16:27:33 [PATROL_07] Weekly maintenance scheduled for antenna mast.
2026-06-21 23:41:50 [STATION_DELTA] Automated telemetry update: battery level 92%.
2026-06-21 22:28:25 [STATION_ALPHA] Encrypted packet sent to HQ: checksum 0x7C41.
2026-06-21 00:57:16 [STATION_BRAVO] Security sweep of perimeter zone B completed.
2026-06-21 03:20:41 [STATION_CHARLIE] Generator switched to reserve tank.
2026-06-21 22:20:32 [STATION_BRAVO] Routine backup completed for network segment 3.
2026-06-21 06:11:40 [PATROL_07] Encrypted packet sent to HQ: checksum 0x7C41.
2026-06-21 01:03:35 [COMMAND] Generator switched to reserve tank.
2026-06-21 12:25:06 [COMMAND] Patrol unit reporting status: nominal.
2026-06-21 13:00:13 [STATION_ALPHA] Automated telemetry update: battery level 92%.
2026-06-21 19:50:25 [COMMAND] Routine backup completed for network segment 3.
2026-06-21 04:02:40 [STATION_DELTA] Automated telemetry update: battery level 92%.
2026-06-21 08:20:26 [STATION_ALPHA] Encrypted packet sent to HQ: checksum 0x7C41.
2026-06-21 01:46:17 [RELAY_05] Automated telemetry update: battery level 92%.
2026-06-21 21:23:08 [COMMAND] Automated telemetry update: battery level 92%.
2026-06-21 01:55:21 [STATION_DELTA] Routine backup completed for network segment 3.
2026-06-21 04:59:21 [STATION_ALPHA] Radio signal check: frequency tuning successful.
2026-06-21 14:36:09 [RELAY_05] Patrol unit reporting status: nominal.
2026-06-21 01:42:54 [STATION_ALPHA] Patrol unit reporting status: nominal.
2026-06-21 22:25:58 [PATROL_07] Generator switched to reserve tank.
2026-06-21 01:50:55 [PATROL_07] Weekly maintenance scheduled for antenna mast.
2026-06-21 22:09:17 [STATION_BRAVO] Security sweep of perimeter zone B completed.
2026-06-21 09:13:42 [RELAY_05] Fuel convoy ETA updated: 40 minutes.
2026-06-21 10:39:06 [STATION_BRAVO] Patrol unit reporting status: nominal.
2026-06-21 08:26:57 [COMMAND] Radio signal check: frequency tuning successful.
2026-06-21 15:51:43 [STATION_DELTA] Generator switched to reserve tank.
2026-06-21 22:33:25 [STATION_BRAVO] Routine backup completed for network segment 3.
2026-06-21 14:33:44 [RELAY_05] Automated telemetry update: battery level 92%.
2026-06-21 13:43:41 [PATROL_07] Patrol unit reporting status: nominal.
2026-06-21 17:01:00 [RECON_03] Automated telemetry update: battery level 92%.
2026-06-21 00:59:41 [STATION_DELTA] Radio signal check: frequency tuning successful.
2026-06-21 22:16:19 [STATION_CHARLIE] Generator switched to reserve tank.
2026-06-21 15:01:12 [STATION_ALPHA] Weekly maintenance scheduled for antenna mast.
2026-06-21 01:05:05 [STATION_ALPHA] Automated telemetry update: battery level 92%.
2026-06-21 00:36:39 [STATION_ALPHA] Routine backup completed for network segment 3.
2026-06-21 18:51:12 [RECON_03] Generator switched to reserve tank.
2026-06-21 09:13:57 [RECON_03] Weekly maintenance scheduled for antenna mast.
2026-06-21 22:37:09 [STATION_BRAVO] Routine backup completed for network segment 3.
2026-06-21 06:54:14 [STATION_CHARLIE] Generator switched to reserve tank.
2026-06-21 18:51:09 [COMMAND] Automated telemetry update: battery level 92%.
2026-06-21 06:08:33 [COMMAND] Radio signal check: frequency tuning successful.
2026-06-21 05:32:21 [STATION_ALPHA] Automated telemetry update: battery level 92%.
2026-06-21 19:11:29 [STATION_DELTA] Security sweep of perimeter zone B completed.
2026-06-21 04:54:21 [STATION_BRAVO] Automated telemetry update: battery level 92%.
2026-06-21 11:12:07 [STATION_ALPHA] Weekly maintenance scheduled for antenna mast.
2026-06-21 08:04:11 [STATION_CHARLIE] Routine backup completed for network segment 3.
2026-06-21 02:19:06 [STATION_BRAVO] Security sweep of perimeter zone B completed.
2026-06-21 18:52:48 [STATION_DELTA] Security sweep of perimeter zone B completed.
2026-06-21 22:37:19 [PATROL_07] Generator switched to reserve tank.
2026-06-21 17:05:00 [RELAY_05] Patrol unit reporting status: nominal.
2026-06-21 07:09:55 [COMMAND] Radio signal check: frequency tuning successful.
2026-06-21 16:38:42 [RELAY_05] Patrol unit reporting status: nominal.
2026-06-21 22:24:31 [STATION_BRAVO] Routine backup completed for network segment 3.
2026-06-21 21:51:00 [STATION_DELTA] Radio signal check: frequency tuning successful.
2026-06-21 14:42:55 [STATION_DELTA] Security sweep of perimeter zone B completed.
2026-06-21 00:51:50 [STATION_DELTA] Patrol unit reporting status: nominal.
2026-06-21 00:56:04 [STATION_CHARLIE] Fuel convoy ETA updated: 40 minutes.
2026-06-21 06:33:59 [STATION_DELTA] Generator switched to reserve tank.
2026-06-21 03:41:30 [STATION_CHARLIE] Weather report: wind speed 11 knots, light rain.
2026-06-21 08:39:00 [STATION_ALPHA] Generator switched to reserve tank.
2026-06-21 06:39:38 [STATION_BRAVO] Patrol unit reporting status: nominal.
2026-06-21 05:15:16 [RECON_03] Routine backup completed for network segment 3.
2026-06-21 15:17:28 [RELAY_05] Routine backup completed for network segment 3.
2026-06-21 12:57:55 [STATION_ALPHA] Radio signal check: frequency tuning successful.
2026-06-21 15:45:37 [PATROL_07] Routine backup completed for network segment 3.
2026-06-21 04:34:54 [PATROL_07] Patrol unit reporting status: nominal.
2026-06-21 23:41:30 [RELAY_05] Weather report: wind speed 11 knots, light rain.
2026-06-21 22:40:23 [STATION_BRAVO] Radio signal check: frequency tuning successful.
2026-06-21 19:26:46 [RELAY_05] Radio signal check: frequency tuning successful.
2026-06-21 13:51:57 [RECON_03] Routine backup completed for network segment 3.
2026-06-21 07:57:24 [PATROL_07] Routine backup completed for network segment 3.
2026-06-21 21:24:12 [RELAY_05] Encrypted packet sent to HQ: checksum 0x7C41.
2026-06-21 20:41:10 [STATION_DELTA] Generator switched to reserve tank.
2026-06-21 07:10:46 [STATION_DELTA] Automated telemetry update: battery level 92%.
2026-06-21 03:02:25 [PATROL_07] Weather report: wind speed 11 knots, light rain.
2026-06-21 02:03:29 [STATION_ALPHA] Routine backup completed for network segment 3.
2026-06-21 13:04:11 [STATION_CHARLIE] Encrypted packet sent to HQ: checksum 0x7C41.
2026-06-21 18:43:04 [COMMAND] Fuel convoy ETA updated: 40 minutes.
2026-06-21 11:09:28 [STATION_DELTA] Patrol unit reporting status: nominal.
2026-06-21 16:17:42 [RELAY_05] Patrol unit reporting status: nominal.
2026-06-21 23:12:11 [STATION_ALPHA] Automated telemetry update: battery level 92%.
2026-06-21 01:24:54 [PATROL_07] Patrol unit reporting status: nominal.
2026-06-21 00:36:06 [RECON_03] Encrypted packet sent to HQ: checksum 0x7C41.
2026-06-21 21:17:48 [STATION_ALPHA] Patrol unit reporting status: nominal.
2026-06-21 16:46:33 [STATION_DELTA] Radio signal check: frequency tuning successful.
2026-06-21 09:09:57 [STATION_ALPHA] Fuel convoy ETA updated: 40 minutes.
2026-06-21 11:24:36 [STATION_ALPHA] Automated telemetry update: battery level 92%.
2026-06-21 18:19:52 [STATION_BRAVO] Weekly maintenance scheduled for antenna mast.
2026-06-21 18:40:21 [COMMAND] Patrol unit reporting status: nominal.
2026-06-21 04:41:40 [RELAY_05] Automated telemetry update: battery level 92%.
2026-06-21 18:25:52 [COMMAND] Weekly maintenance scheduled for antenna mast.
2026-06-21 17:49:33 [RECON_03] Generator switched to reserve tank.
2026-06-21 23:00:55 [STATION_BRAVO] Fuel convoy ETA updated: 40 minutes.
2026-06-21 02:11:42 [RECON_03] Generator switched to reserve tank.
2026-06-21 13:53:20 [RELAY_05] Patrol unit reporting status: nominal.
2026-06-21 08:13:46 [STATION_ALPHA] Weather report: wind speed 11 knots, light rain.
2026-06-21 06:20:20 [PATROL_07] Weekly maintenance scheduled for antenna mast.
2026-06-21 14:38:58 [STATION_DELTA] Weather report: wind speed 11 knots, light rain.
2026-06-21 08:07:26 [PATROL_07] Automated telemetry update: battery level 92%.
2026-06-21 12:23:03 [STATION_DELTA] Generator switched to reserve tank.
2026-06-21 11:16:28 [RECON_03] Generator switched to reserve tank.
2026-06-21 15:06:07 [RELAY_05] Radio signal check: frequency tuning successful.
2026-06-21 11:06:11 [STATION_CHARLIE] Routine backup completed for network segment 3.
2026-06-21 12:33:19 [RECON_03] Weather report: wind speed 11 knots, light rain.
2026-06-21 16:12:59 [STATION_CHARLIE] Routine backup completed for network segment 3.
2026-06-21 23:36:20 [STATION_DELTA] Weather report: wind speed 11 knots, light rain.
2026-06-21 14:45:57 [RECON_03] Weather report: wind speed 11 knots, light rain.
2026-06-21 09:07:27 [STATION_BRAVO] Encrypted packet sent to HQ: checksum 0x7C41.
2026-06-21 12:37:50 [RECON_03] Routine backup completed for network segment 3.
2026-06-21 07:57:03 [PATROL_07] Fuel convoy ETA updated: 40 minutes.
2026-06-21 11:37:06 [STATION_CHARLIE] Security sweep of perimeter zone B completed.
2026-06-21 13:21:49 [RELAY_05] Security sweep of perimeter zone B completed.
2026-06-21 12:08:52 [RELAY_05] Routine backup completed for network segment 3.
2026-06-21 09:21:15 [STATION_CHARLIE] Patrol unit reporting status: nominal.
2026-06-21 16:52:20 [STATION_CHARLIE] Generator switched to reserve tank.
2026-06-21 01:40:19 [PATROL_07] Radio signal check: frequency tuning successful.
2026-06-21 02:44:49 [STATION_DELTA] Security sweep of perimeter zone B completed.
2026-06-21 20:35:23 [STATION_ALPHA] Automated telemetry update: battery level 92%.
2026-06-21 18:00:26 [STATION_BRAVO] Patrol unit reporting status: nominal.
2026-06-21 12:44:01 [RELAY_05] Fuel convoy ETA updated: 40 minutes.
2026-06-21 01:56:59 [RELAY_05] Weekly maintenance scheduled for antenna mast.
2026-06-21 02:32:43 [STATION_DELTA] Patrol unit reporting status: nominal.
2026-06-21 15:29:12 [STATION_CHARLIE] Security sweep of perimeter zone B completed.
2026-06-21 07:26:38 [RECON_03] Security sweep of perimeter zone B completed.
2026-06-21 09:11:46 [COMMAND] Weekly maintenance scheduled for antenna mast.
2026-06-21 18:56:18 [STATION_BRAVO] Fuel convoy ETA updated: 40 minutes.
2026-06-21 18:18:15 [STATION_DELTA] Routine backup completed for network segment 3.
2026-06-21 18:22:10 [STATION_DELTA] Generator switched to reserve tank.
2026-06-21 10:26:25 [RECON_03] Patrol unit reporting status: nominal.
2026-06-21 00:26:45 [STATION_DELTA] Generator switched to reserve tank.
2026-06-21 20:39:42 [PATROL_07] Radio signal check: frequency tuning successful.
2026-06-21 15:27:16 [STATION_DELTA] Automated telemetry update: battery level 92%.
2026-06-21 08:36:04 [STATION_ALPHA] Patrol unit reporting status: nominal.
2026-06-21 23:33:45 [STATION_BRAVO] Automated telemetry update: battery level 92%.
2026-06-21 20:52:42 [STATION_CHARLIE] Radio signal check: frequency tuning successful.
2026-06-21 09:18:17 [RELAY_05] Encrypted packet sent to HQ: checksum 0x7C41.
2026-06-21 15:34:51 [STATION_DELTA] Patrol unit reporting status: nominal.
2026-06-21 19:35:32 [STATION_DELTA] Routine backup completed for network segment 3.
2026-06-21 01:21:26 [STATION_CHARLIE] Automated telemetry update: battery level 92%.
2026-06-21 04:44:36 [STATION_CHARLIE] Weekly maintenance scheduled for antenna mast.
2026-06-21 09:47:36 [RELAY_05] Patrol unit reporting status: nominal.
2026-06-21 17:01:06 [PATROL_07] Fuel convoy ETA updated: 40 minutes.
2026-06-21 12:50:44 [PATROL_07] Automated telemetry update: battery level 92%.
2026-06-21 23:00:56 [PATROL_07] Security sweep of perimeter zone B completed.
2026-06-21 15:11:34 [STATION_CHARLIE] Encrypted packet sent to HQ: checksum 0x7C41.
2026-06-21 05:58:55 [PATROL_07] Encrypted packet sent to HQ: checksum 0x7C41.
2026-06-21 12:21:19 [RECON_03] Radio signal check: frequency tuning successful.
2026-06-21 17:00:01 [STATION_BRAVO] Weekly maintenance scheduled for antenna mast.
2026-06-21 15:01:28 [STATION_BRAVO] Patrol unit reporting status: nominal.
2026-06-21 22:51:57 [STATION_DELTA] Automated telemetry update: battery level 92%.
2026-06-21 16:42:19 [RECON_03] Fuel convoy ETA updated: 40 minutes.
2026-06-21 03:53:13 [STATION_BRAVO] Radio signal check: frequency tuning successful.
2026-06-21 01:56:25 [STATION_CHARLIE] Security sweep of perimeter zone B completed.
2026-06-21 21:39:03 [STATION_CHARLIE] Patrol unit reporting status: nominal.
2026-06-21 16:35:34 [COMMAND] Weekly maintenance scheduled for antenna mast.
2026-06-21 03:26:22 [RELAY_05] Patrol unit reporting status: nominal.
2026-06-21 03:14:52 [STATION_CHARLIE] Patrol unit reporting status: nominal.
2026-06-21 16:51:03 [STATION_CHARLIE] Patrol unit reporting status: nominal.
2026-06-21 11:26:51 [STATION_BRAVO] Weather report: wind speed 11 knots, light rain.
2026-06-21 13:16:10 [STATION_DELTA] Routine backup completed for network segment 3.
2026-06-21 04:04:53 [STATION_ALPHA] Radio signal check: frequency tuning successful.
2026-06-21 19:18:17 [COMMAND] Automated telemetry update: battery level 92%.
2026-06-21 04:20:08 [RELAY_05] Security sweep of perimeter zone B completed.
2026-06-21 00:28:03 [COMMAND] Generator switched to reserve tank.
2026-06-21 18:08:25 [STATION_BRAVO] Weather report: wind speed 11 knots, light rain.
2026-06-21 11:16:23 [COMMAND] Weekly maintenance scheduled for antenna mast.
2026-06-21 12:34:21 [STATION_ALPHA] Radio signal check: frequency tuning successful.
2026-06-21 16:46:13 [STATION_ALPHA] Automated telemetry update: battery level 92%.
2026-06-21 08:54:18 [RECON_03] Patrol unit reporting status: nominal.
2026-06-21 02:18:05 [COMMAND] Generator switched to reserve tank.
2026-06-21 13:47:56 [RELAY_05] Fuel convoy ETA updated: 40 minutes.
2026-06-21 12:01:38 [STATION_ALPHA] Patrol unit reporting status: nominal.
2026-06-21 14:44:46 [RECON_03] Generator switched to reserve tank.
2026-06-21 05:17:11 [PATROL_07] Fuel convoy ETA updated: 40 minutes.
2026-06-21 06:07:58 [RELAY_05] Fuel convoy ETA updated: 40 minutes.
2026-06-21 21:23:54 [RELAY_05] Encrypted packet sent to HQ: checksum 0x7C41.
2026-06-21 11:55:41 [RECON_03] Radio signal check: frequency tuning successful.
2026-06-21 15:31:44 [RELAY_05] Weekly maintenance scheduled for antenna mast.
2026-06-21 12:24:40 [STATION_BRAVO] Security sweep of perimeter zone B completed.
2026-06-21 17:12:01 [RECON_03] Fuel convoy ETA updated: 40 minutes.
2026-06-21 22:05:45 [RELAY_05] Weather report: wind speed 11 knots, light rain.
2026-06-21 16:19:38 [COMMAND] Fuel convoy ETA updated: 40 minutes.
2026-06-21 00:52:24 [COMMAND] Routine backup completed for network segment 3.
2026-06-21 15:32:29 [RECON_03] Patrol unit reporting status: nominal.
2026-06-21 03:21:24 [RECON_03] Generator switched to reserve tank.
2026-06-21 12:25:22 [STATION_ALPHA] Fuel convoy ETA updated: 40 minutes.
2026-06-21 13:35:22 [STATION_ALPHA] Fuel convoy ETA updated: 40 minutes.
2026-06-21 20:29:36 [STATION_CHARLIE] Routine backup completed for network segment 3.
2026-06-21 19:03:24 [STATION_ALPHA] Security sweep of perimeter zone B completed.
2026-06-21 05:39:27 [STATION_BRAVO] Patrol unit reporting status: nominal.
2026-06-21 03:04:44 [STATION_ALPHA] Patrol unit reporting status: nominal.
2026-06-21 05:35:30 [PATROL_07] Weekly maintenance scheduled for antenna mast.
2026-06-21 16:15:06 [RELAY_05] Fuel convoy ETA updated: 40 minutes.
2026-06-21 15:31:50 [RECON_03] Patrol unit reporting status: nominal.
2026-06-21 00:58:31 [PATROL_07] Weather report: wind speed 11 knots, light rain.
2026-06-21 14:51:44 [STATION_CHARLIE] Patrol unit reporting status: nominal.
2026-06-21 06:29:30 [PATROL_07] Weekly maintenance scheduled for antenna mast.
2026-06-21 00:00:42 [COMMAND] Fuel convoy ETA updated: 40 minutes.
2026-06-21 11:47:57 [RELAY_05] Automated telemetry update: battery level 92%.
2026-06-21 11:13:00 [PATROL_07] Encrypted packet sent to HQ: checksum 0x7C41.
2026-06-21 08:32:41 [RELAY_05] Weather report: wind speed 11 knots, light rain.
2026-06-21 07:25:49 [PATROL_07] Routine backup completed for network segment 3.
2026-06-21 18:39:10 [RELAY_05] Automated telemetry update: battery level 92%.
2026-06-21 09:38:25 [RELAY_05] Patrol unit reporting status: nominal.
2026-06-21 12:35:35 [RECON_03] Routine backup completed for network segment 3.
2026-06-21 15:15:27 [STATION_BRAVO] Radio signal check: frequency tuning successful.
2026-06-21 01:30:43 [RECON_03] Security sweep of perimeter zone B completed.
2026-06-21 22:36:04 [STATION_CHARLIE] Patrol unit reporting status: nominal.
2026-06-21 07:56:25 [RELAY_05] Generator switched to reserve tank.
2026-06-21 10:00:50 [PATROL_07] Generator switched to reserve tank.
2026-06-21 04:28:40 [STATION_ALPHA] Security sweep of perimeter zone B completed.
2026-06-21 05:04:39 [STATION_ALPHA] Routine backup completed for network segment 3.
2026-06-21 15:29:16 [RECON_03] Fuel convoy ETA updated: 40 minutes.
2026-06-21 23:11:00 [STATION_BRAVO] Security sweep of perimeter zone B completed.
2026-06-21 18:08:51 [RECON_03] Weather report: wind speed 11 knots, light rain.
2026-06-21 12:07:56 [COMMAND] Radio signal check: frequency tuning successful.
2026-06-21 06:19:21 [COMMAND] Encrypted packet sent to HQ: checksum 0x7C41.
2026-06-21 15:42:41 [STATION_BRAVO] Weather report: wind speed 11 knots, light rain.
2026-06-21 23:11:44 [RECON_03] Weekly maintenance scheduled for antenna mast.
2026-06-21 06:19:41 [STATION_ALPHA] Automated telemetry update: battery level 92%.
2026-06-21 06:11:02 [STATION_DELTA] Fuel convoy ETA updated: 40 minutes.
2026-06-21 11:23:12 [COMMAND] Encrypted packet sent to HQ: checksum 0x7C41.
2026-06-21 10:41:36 [STATION_BRAVO] Weekly maintenance scheduled for antenna mast.
2026-06-21 12:27:14 [COMMAND] Fuel convoy ETA updated: 40 minutes.
2026-06-21 23:12:01 [COMMAND] Security sweep of perimeter zone B completed.
2026-06-21 02:40:02 [COMMAND] Fuel convoy ETA updated: 40 minutes.
2026-06-21 03:25:29 [RECON_03] Fuel convoy ETA updated: 40 minutes.
2026-06-21 17:42:02 [PATROL_07] Automated telemetry update: battery level 92%.
2026-06-21 10:54:38 [STATION_ALPHA] Generator switched to reserve tank.
2026-06-21 21:47:29 [STATION_CHARLIE] Security sweep of perimeter zone B completed.
2026-06-21 20:26:47 [STATION_DELTA] Security sweep of perimeter zone B completed.
2026-06-21 21:39:31 [PATROL_07] Fuel convoy ETA updated: 40 minutes.
2026-06-21 09:35:28 [STATION_BRAVO] Fuel convoy ETA updated: 40 minutes.
2026-06-21 10:46:18 [PATROL_07] Security sweep of perimeter zone B completed.
2026-06-21 13:49:56 [STATION_ALPHA] Patrol unit reporting status: nominal.
2026-06-21 04:48:18 [RELAY_05] Security sweep of perimeter zone B completed.
2026-06-21 03:16:44 [RECON_03] Automated telemetry update: battery level 92%.
2026-06-21 15:07:00 [STATION_CHARLIE] Routine backup completed for network segment 3.
2026-06-21 07:54:37 [STATION_BRAVO] Weather report: wind speed 11 knots, light rain.
2026-06-21 17:54:37 [STATION_CHARLIE] Encrypted packet sent to HQ: checksum 0x7C41.
2026-06-21 14:49:54 [STATION_CHARLIE] Patrol unit reporting status: nominal.
2026-06-21 01:28:48 [RECON_03] Generator switched to reserve tank.
2026-06-21 12:33:04 [STATION_CHARLIE] Radio signal check: frequency tuning successful.
2026-06-21 22:31:50 [COMMAND] Generator switched to reserve tank.
2026-06-21 20:09:35 [RECON_03] Automated telemetry update: battery level 92%.
2026-06-21 07:34:58 [COMMAND] Routine backup completed for network segment 3.
2026-06-21 12:53:30 [STATION_CHARLIE] Security sweep of perimeter zone B completed.
2026-06-21 20:14:17 [PATROL_07] Security sweep of perimeter zone B completed.
2026-06-21 04:27:46 [COMMAND] Fuel convoy ETA updated: 40 minutes.
2026-06-21 15:21:57 [RECON_03] Radio signal check: frequency tuning successful.
2026-06-21 18:43:25 [RELAY_05] Patrol unit reporting status: nominal.
2026-06-21 12:00:13 [COMMAND] Generator switched to reserve tank.
2026-06-21 19:27:28 [STATION_BRAVO] Automated telemetry update: battery level 92%.
2026-06-21 03:04:56 [STATION_BRAVO] Routine backup completed for network segment 3.
2026-06-21 16:12:07 [COMMAND] Security sweep of perimeter zone B completed.
2026-06-21 20:26:19 [STATION_BRAVO] Fuel convoy ETA updated: 40 minutes.
2026-06-21 10:36:55 [COMMAND] Security sweep of perimeter zone B completed.
2026-06-21 17:28:39 [RELAY_05] Encrypted packet sent to HQ: checksum 0x7C41.
2026-06-21 13:52:50 [GHOST_NET] BURST: "Once decoded, match the grid against the captured reference map."
2026-06-21 15:42:53 [RELAY_05] Routine backup completed for network segment 3.
2026-06-21 21:37:11 [RECON_03] Security sweep of perimeter zone B completed.
2026-06-21 04:34:58 [RECON_03] Weather report: wind speed 11 knots, light rain.
2026-06-21 19:06:36 [STATION_ALPHA] Weather report: wind speed 11 knots, light rain.
2026-06-21 18:56:25 [COMMAND] Routine backup completed for network segment 3.
2026-06-21 07:20:47 [STATION_DELTA] Routine backup completed for network segment 3.
2026-06-21 18:40:43 [STATION_DELTA] Automated telemetry update: battery level 92%.
2026-06-21 11:12:55 [STATION_ALPHA] Radio signal check: frequency tuning successful.
2026-06-21 21:57:45 [STATION_CHARLIE] Encrypted packet sent to HQ: checksum 0x7C41.
2026-06-21 02:04:19 [STATION_BRAVO] Generator switched to reserve tank.
2026-06-21 03:22:13 [STATION_CHARLIE] Automated telemetry update: battery level 92%.
2026-06-21 13:51:32 [PATROL_07] Security sweep of perimeter zone B completed.
2026-06-21 11:31:14 [PATROL_07] Automated telemetry update: battery level 92%.
2026-06-21 15:43:12 [STATION_ALPHA] Radio signal check: frequency tuning successful.
2026-06-21 16:04:18 [STATION_DELTA] Patrol unit reporting status: nominal.
2026-06-21 03:54:42 [RELAY_05] Weekly maintenance scheduled for antenna mast.
2026-06-21 10:00:07 [RELAY_05] Fuel convoy ETA updated: 40 minutes.
2026-06-21 14:26:57 [STATION_ALPHA] Weekly maintenance scheduled for antenna mast.
2026-06-21 05:49:55 [RECON_03] Routine backup completed for network segment 3.
2026-06-21 13:58:45 [STATION_BRAVO] Radio signal check: frequency tuning successful.
2026-06-21 13:43:50 [STATION_ALPHA] Fuel convoy ETA updated: 40 minutes.
2026-06-21 17:48:02 [STATION_DELTA] Weekly maintenance scheduled for antenna mast.
2026-06-21 02:19:23 [STATION_BRAVO] Radio signal check: frequency tuning successful.
2026-06-21 05:06:56 [RELAY_05] Security sweep of perimeter zone B completed.
2026-06-21 06:40:17 [STATION_BRAVO] Patrol unit reporting status: nominal.
2026-06-21 11:07:57 [STATION_ALPHA] Generator switched to reserve tank.
2026-06-21 09:13:46 [PATROL_07] Weather report: wind speed 11 knots, light rain.
2026-06-21 15:17:32 [STATION_CHARLIE] Generator switched to reserve tank.
2026-06-21 21:53:52 [STATION_BRAVO] Routine backup completed for network segment 3.
2026-06-21 16:41:42 [STATION_ALPHA] Weekly maintenance scheduled for antenna mast.
2026-06-21 10:57:26 [STATION_DELTA] Routine backup completed for network segment 3.
2026-06-21 13:16:43 [PATROL_07] Security sweep of perimeter zone B completed.
2026-06-21 04:47:27 [STATION_DELTA] Patrol unit reporting status: nominal.
2026-06-21 16:20:59 [RECON_03] Patrol unit reporting status: nominal.
2026-06-21 00:34:52 [STATION_ALPHA] Fuel convoy ETA updated: 40 minutes.
2026-06-21 09:54:14 [RECON_03] Generator switched to reserve tank.
2026-06-21 18:33:13 [PATROL_07] Weather report: wind speed 11 knots, light rain.
2026-06-21 03:38:02 [STATION_CHARLIE] Generator switched to reserve tank.
2026-06-21 18:59:21 [RECON_03] Patrol unit reporting status: nominal.
2026-06-21 19:29:54 [COMMAND] Fuel convoy ETA updated: 40 minutes.
2026-06-21 13:50:33 [STATION_DELTA] Encrypted packet sent to HQ: checksum 0x7C41.
2026-06-21 12:01:41 [STATION_ALPHA] Encrypted packet sent to HQ: checksum 0x7C41.
2026-06-21 17:54:10 [PATROL_07] Routine backup completed for network segment 3.
2026-06-21 10:07:23 [STATION_ALPHA] Patrol unit reporting status: nominal.
2026-06-21 06:07:39 [STATION_BRAVO] Weekly maintenance scheduled for antenna mast.
2026-06-21 17:08:51 [RELAY_05] Routine backup completed for network segment 3.
2026-06-21 00:09:13 [RELAY_05] Weather report: wind speed 11 knots, light rain.
2026-06-21 05:52:01 [STATION_BRAVO] Routine backup completed for network segment 3.
2026-06-21 16:56:23 [RECON_03] Security sweep of perimeter zone B completed.
2026-06-21 06:58:05 [RELAY_05] Generator switched to reserve tank.
2026-06-21 12:39:49 [STATION_CHARLIE] Security sweep of perimeter zone B completed.
2026-06-21 06:35:03 [PATROL_07] Automated telemetry update: battery level 92%.
2026-06-21 06:05:49 [COMMAND] Fuel convoy ETA updated: 40 minutes.
2026-06-21 18:57:29 [STATION_BRAVO] Encrypted packet sent to HQ: checksum 0x7C41.
2026-06-21 15:58:37 [COMMAND] Automated telemetry update: battery level 92%.
2026-06-21 10:44:18 [PATROL_07] Encrypted packet sent to HQ: checksum 0x7C41.
2026-06-21 03:47:16 [RECON_03] Weather report: wind speed 11 knots, light rain.
2026-06-21 06:21:38 [PATROL_07] Weather report: wind speed 11 knots, light rain.
2026-06-21 02:57:19 [RECON_03] Radio signal check: frequency tuning successful.
2026-06-21 00:55:21 [PATROL_07] Security sweep of perimeter zone B completed.
2026-06-21 01:15:19 [STATION_BRAVO] Patrol unit reporting status: nominal.
2026-06-21 17:47:49 [STATION_ALPHA] Weekly maintenance scheduled for antenna mast.
2026-06-21 14:51:29 [STATION_BRAVO] Security sweep of perimeter zone B completed.
2026-06-21 00:55:00 [STATION_CHARLIE] Automated telemetry update: battery level 92%.
2026-06-21 06:21:33 [STATION_CHARLIE] Security sweep of perimeter zone B completed.
2026-06-21 11:49:42 [STATION_BRAVO] Security sweep of perimeter zone B completed.
2026-06-21 00:34:00 [STATION_CHARLIE] Automated telemetry update: battery level 92%.
2026-06-21 04:20:07 [STATION_ALPHA] Routine backup completed for network segment 3.
2026-06-21 02:25:31 [STATION_ALPHA] Weather report: wind speed 11 knots, light rain.
2026-06-21 02:53:42 [STATION_ALPHA] Weather report: wind speed 11 knots, light rain.
2026-06-21 07:04:53 [STATION_ALPHA] Patrol unit reporting status: nominal.
2026-06-21 23:29:53 [STATION_BRAVO] Weather report: wind speed 11 knots, light rain.
2026-06-21 05:29:48 [STATION_BRAVO] Fuel convoy ETA updated: 40 minutes.
2026-06-21 15:34:26 [PATROL_07] Security sweep of perimeter zone B completed.
2026-06-21 11:42:18 [STATION_CHARLIE] Weekly maintenance scheduled for antenna mast.
2026-06-21 23:17:33 [STATION_CHARLIE] Automated telemetry update: battery level 92%.
2026-06-21 10:22:32 [STATION_ALPHA] Routine backup completed for network segment 3.
2026-06-21 00:46:44 [STATION_DELTA] Automated telemetry update: battery level 92%.
2026-06-21 20:17:23 [PATROL_07] Radio signal check: frequency tuning successful.
2026-06-21 03:24:20 [RELAY_05] Weather report: wind speed 11 knots, light rain.
2026-06-21 10:54:37 [STATION_BRAVO] Routine backup completed for network segment 3.
2026-06-21 04:21:15 [STATION_BRAVO] Security sweep of perimeter zone B completed.
2026-06-21 18:20:16 [PATROL_07] Security sweep of perimeter zone B completed.
2026-06-21 23:12:24 [RECON_03] Automated telemetry update: battery level 92%.
2026-06-21 19:18:28 [COMMAND] Weekly maintenance scheduled for antenna mast.
2026-06-21 23:39:34 [STATION_ALPHA] Patrol unit reporting status: nominal.
2026-06-21 16:47:29 [STATION_ALPHA] Automated telemetry update: battery level 92%.
2026-06-21 23:37:38 [STATION_DELTA] Automated telemetry update: battery level 92%.
2026-06-21 23:45:22 [STATION_DELTA] Encrypted packet sent to HQ: checksum 0x7C41.
2026-06-21 15:38:25 [RELAY_05] Radio signal check: frequency tuning successful.
2026-06-21 04:04:20 [STATION_CHARLIE] Weekly maintenance scheduled for antenna mast.
2026-06-21 21:22:10 [COMMAND] Encrypted packet sent to HQ: checksum 0x7C41.
2026-06-21 21:37:13 [RECON_03] Patrol unit reporting status: nominal.
2026-06-21 04:59:55 [RECON_03] Fuel convoy ETA updated: 40 minutes.
2026-06-21 15:10:14 [STATION_CHARLIE] Encrypted packet sent to HQ: checksum 0x7C41.
2026-06-21 03:15:51 [PATROL_07] Automated telemetry update: battery level 92%.
2026-06-21 13:25:01 [STATION_DELTA] Encrypted packet sent to HQ: checksum 0x7C41.
2026-06-21 16:49:34 [RECON_03] Fuel convoy ETA updated: 40 minutes.
2026-06-21 02:45:48 [STATION_DELTA] Radio signal check: frequency tuning successful.
2026-06-21 06:18:49 [PATROL_07] Patrol unit reporting status: nominal.
2026-06-21 05:39:31 [COMMAND] Automated telemetry update: battery level 92%.
2026-06-21 07:41:11 [STATION_ALPHA] Fuel convoy ETA updated: 40 minutes.
2026-06-21 00:00:37 [COMMAND] Patrol unit reporting status: nominal.
2026-06-21 08:23:49 [STATION_BRAVO] Patrol unit reporting status: nominal.
2026-06-21 10:30:42 [RELAY_05] Radio signal check: frequency tuning successful.
2026-06-21 21:02:42 [COMMAND] Patrol unit reporting status: nominal.
2026-06-21 20:33:46 [STATION_DELTA] Generator switched to reserve tank.
2026-06-21 14:14:15 [STATION_ALPHA] Weather report: wind speed 11 knots, light rain.
2026-06-21 07:54:51 [STATION_DELTA] Generator switched to reserve tank.
2026-06-21 18:24:50 [RELAY_05] Routine backup completed for network segment 3.
2026-06-21 03:36:37 [STATION_DELTA] Patrol unit reporting status: nominal.
2026-06-21 22:19:24 [STATION_BRAVO] Weather report: wind speed 11 knots, light rain.
2026-06-21 20:45:53 [RELAY_05] Routine backup completed for network segment 3.
2026-06-21 04:01:05 [STATION_DELTA] Encrypted packet sent to HQ: checksum 0x7C41.
2026-06-21 00:32:04 [COMMAND] Weather report: wind speed 11 knots, light rain.
2026-06-21 17:03:52 [RELAY_05] Automated telemetry update: battery level 92%.
2026-06-21 16:07:48 [STATION_BRAVO] Radio signal check: frequency tuning successful.
2026-06-21 09:10:39 [STATION_CHARLIE] Fuel convoy ETA updated: 40 minutes.
2026-06-21 09:03:16 [STATION_DELTA] Patrol unit reporting status: nominal.
2026-06-21 19:48:58 [RECON_03] Weather report: wind speed 11 knots, light rain.
2026-06-21 03:50:36 [PATROL_07] Routine backup completed for network segment 3.
2026-06-21 05:55:01 [STATION_BRAVO] Security sweep of perimeter zone B completed.
2026-06-21 15:57:29 [STATION_BRAVO] Fuel convoy ETA updated: 40 minutes.
2026-06-21 07:10:46 [COMMAND] Security sweep of perimeter zone B completed.
2026-06-21 10:00:06 [RECON_03] Routine backup completed for network segment 3.
2026-06-21 05:09:49 [PATROL_07] Routine backup completed for network segment 3.
2026-06-21 03:08:27 [STATION_BRAVO] Patrol unit reporting status: nominal.
2026-06-21 15:21:25 [RECON_03] Patrol unit reporting status: nominal.
2026-06-21 00:41:58 [STATION_CHARLIE] Routine backup completed for network segment 3.
2026-06-21 17:11:17 [STATION_DELTA] Automated telemetry update: battery level 92%.
2026-06-21 15:41:34 [STATION_ALPHA] Routine backup completed for network segment 3.
2026-06-21 14:46:55 [COMMAND] Automated telemetry update: battery level 92%.
2026-06-21 16:09:23 [PATROL_07] Security sweep of perimeter zone B completed.
2026-06-21 06:03:41 [RECON_03] Routine backup completed for network segment 3.
2026-06-21 08:13:17 [STATION_DELTA] Weather report: wind speed 11 knots, light rain.
2026-06-21 06:07:54 [PATROL_07] Security sweep of perimeter zone B completed.
2026-06-21 22:32:03 [RELAY_05] Automated telemetry update: battery level 92%.
2026-06-21 02:42:56 [STATION_DELTA] Generator switched to reserve tank.
2026-06-21 03:48:30 [STATION_BRAVO] Radio signal check: frequency tuning successful.
2026-06-21 07:06:30 [PATROL_07] Security sweep of perimeter zone B completed.
2026-06-21 12:18:04 [RELAY_05] Radio signal check: frequency tuning successful.
2026-06-21 21:41:59 [RECON_03] Security sweep of perimeter zone B completed.
2026-06-21 13:47:07 [RELAY_05] Encrypted packet sent to HQ: checksum 0x7C41.
2026-06-21 22:58:49 [PATROL_07] Encrypted packet sent to HQ: checksum 0x7C41.
2026-06-21 21:13:31 [STATION_BRAVO] Radio signal check: frequency tuning successful.
2026-06-21 10:41:36 [STATION_ALPHA] Routine backup completed for network segment 3.
2026-06-21 14:46:46 [STATION_BRAVO] Generator switched to reserve tank.
2026-06-21 16:40:22 [COMMAND] Encrypted packet sent to HQ: checksum 0x7C41.
2026-06-21 19:00:49 [RELAY_05] Automated telemetry update: battery level 92%.
2026-06-21 23:28:08 [RECON_03] Weather report: wind speed 11 knots, light rain.
2026-06-21 05:30:21 [COMMAND] Weekly maintenance scheduled for antenna mast.
2026-06-21 13:39:53 [STATION_BRAVO] Encrypted packet sent to HQ: checksum 0x7C41.
2026-06-21 01:53:25 [COMMAND] Security sweep of perimeter zone B completed.
2026-06-21 01:11:37 [COMMAND] Generator switched to reserve tank.
2026-06-21 05:14:46 [STATION_DELTA] Routine backup completed for network segment 3.
2026-06-21 04:41:13 [STATION_CHARLIE] Patrol unit reporting status: nominal.
2026-06-21 05:20:59 [COMMAND] Generator switched to reserve tank.
2026-06-21 02:51:15 [RELAY_05] Encrypted packet sent to HQ: checksum 0x7C41.
2026-06-21 02:06:44 [RECON_03] Radio signal check: frequency tuning successful.
2026-06-21 11:37:22 [RELAY_05] Weather report: wind speed 11 knots, light rain.
2026-06-21 10:37:35 [STATION_CHARLIE] Automated telemetry update: battery level 92%.
2026-06-21 14:27:05 [COMMAND] Patrol unit reporting status: nominal.
2026-06-21 23:46:00 [COMMAND] Security sweep of perimeter zone B completed.
2026-06-21 05:25:55 [STATION_BRAVO] Automated telemetry update: battery level 92%.
2026-06-21 01:45:11 [RELAY_05] Fuel convoy ETA updated: 40 minutes.
2026-06-21 14:50:54 [COMMAND] Radio signal check: frequency tuning successful.
2026-06-21 22:04:39 [COMMAND] Patrol unit reporting status: nominal.
2026-06-21 06:54:01 [STATION_DELTA] Radio signal check: frequency tuning successful.
2026-06-21 20:59:54 [COMMAND] Encrypted packet sent to HQ: checksum 0x7C41.
2026-06-21 02:49:55 [STATION_CHARLIE] Generator switched to reserve tank.
2026-06-21 12:34:10 [STATION_DELTA] Automated telemetry update: battery level 92%.
2026-06-21 21:41:26 [STATION_ALPHA] Fuel convoy ETA updated: 40 minutes.
2026-06-21 08:34:30 [COMMAND] Automated telemetry update: battery level 92%.
2026-06-21 19:58:18 [STATION_ALPHA] Fuel convoy ETA updated: 40 minutes.
2026-06-21 17:14:35 [RELAY_05] Encrypted packet sent to HQ: checksum 0x7C41.
2026-06-21 09:18:16 [STATION_BRAVO] Radio signal check: frequency tuning successful.
2026-06-21 18:28:12 [PATROL_07] Routine backup completed for network segment 3.
2026-06-21 01:44:01 [PATROL_07] Radio signal check: frequency tuning successful.
2026-06-21 23:10:31 [COMMAND] Encrypted packet sent to HQ: checksum 0x7C41.
2026-06-21 11:47:54 [PATROL_07] Generator switched to reserve tank.
2026-06-21 14:33:43 [RECON_03] Security sweep of perimeter zone B completed.
2026-06-21 22:52:52 [RELAY_05] Automated telemetry update: battery level 92%.
2026-06-21 10:53:54 [RECON_03] Automated telemetry update: battery level 92%.
2026-06-21 22:56:57 [STATION_BRAVO] Weather report: wind speed 11 knots, light rain.
2026-06-21 04:41:08 [STATION_BRAVO] Weather report: wind speed 11 knots, light rain.
2026-06-21 07:09:53 [STATION_ALPHA] Fuel convoy ETA updated: 40 minutes.
2026-06-21 17:26:24 [STATION_DELTA] Fuel convoy ETA updated: 40 minutes.
2026-06-21 09:53:33 [PATROL_07] Weekly maintenance scheduled for antenna mast.
2026-06-21 23:39:36 [STATION_DELTA] Radio signal check: frequency tuning successful.
2026-06-21 22:34:12 [STATION_ALPHA] Security sweep of perimeter zone B completed.
2026-06-21 07:32:29 [RECON_03] Weekly maintenance scheduled for antenna mast.
2026-06-21 12:38:14 [STATION_CHARLIE] Routine backup completed for network segment 3.
2026-06-21 12:28:40 [STATION_DELTA] Weekly maintenance scheduled for antenna mast.
2026-06-21 14:23:19 [STATION_CHARLIE] Radio signal check: frequency tuning successful.
2026-06-21 19:09:20 [STATION_BRAVO] Fuel convoy ETA updated: 40 minutes.
2026-06-21 10:10:40 [COMMAND] Routine backup completed for network segment 3.
2026-06-21 11:50:10 [RECON_03] Routine backup completed for network segment 3.
2026-06-21 14:49:38 [STATION_BRAVO] Routine backup completed for network segment 3.
2026-06-21 07:24:23 [RELAY_05] Weather report: wind speed 11 knots, light rain.
2026-06-21 06:36:45 [STATION_DELTA] Generator switched to reserve tank.
2026-06-21 23:57:32 [STATION_ALPHA] Weather report: wind speed 11 knots, light rain.
2026-06-21 21:52:13 [RECON_03] Automated telemetry update: battery level 92%.
2026-06-21 04:30:31 [RELAY_05] Patrol unit reporting status: nominal.
2026-06-21 06:33:42 [STATION_DELTA] Encrypted packet sent to HQ: checksum 0x7C41.
2026-06-21 10:54:06 [COMMAND] Patrol unit reporting status: nominal.
2026-06-21 10:11:04 [PATROL_07] Routine backup completed for network segment 3.
2026-06-21 02:00:43 [COMMAND] Patrol unit reporting status: nominal.
2026-06-21 10:50:15 [STATION_ALPHA] Encrypted packet sent to HQ: checksum 0x7C41.
2026-06-21 08:28:35 [PATROL_07] Weekly maintenance scheduled for antenna mast.
2026-06-21 03:15:20 [STATION_BRAVO] Automated telemetry update: battery level 92%.
2026-06-21 03:38:54 [STATION_DELTA] Routine backup completed for network segment 3.
2026-06-21 01:05:38 [RELAY_05] Weather report: wind speed 11 knots, light rain.
2026-06-21 10:11:35 [STATION_DELTA] Fuel convoy ETA updated: 40 minutes.
2026-06-21 23:43:43 [STATION_CHARLIE] Patrol unit reporting status: nominal.
2026-06-21 15:33:37 [STATION_CHARLIE] Fuel convoy ETA updated: 40 minutes.
2026-06-21 02:17:16 [RELAY_05] Encrypted packet sent to HQ: checksum 0x7C41.
2026-06-21 23:47:20 [STATION_CHARLIE] Weekly maintenance scheduled for antenna mast.
2026-06-21 14:25:58 [PATROL_07] Weekly maintenance scheduled for antenna mast.
2026-06-21 18:40:47 [RELAY_05] Fuel convoy ETA updated: 40 minutes.
2026-06-21 12:58:52 [STATION_ALPHA] Fuel convoy ETA updated: 40 minutes.
2026-06-21 18:37:11 [STATION_BRAVO] Weather report: wind speed 11 knots, light rain.
2026-06-21 17:15:31 [COMMAND] Fuel convoy ETA updated: 40 minutes.
2026-06-21 00:42:43 [STATION_ALPHA] Weekly maintenance scheduled for antenna mast.
2026-06-21 15:52:10 [PATROL_07] Fuel convoy ETA updated: 40 minutes.
2026-06-21 08:58:57 [RECON_03] Weather report: wind speed 11 knots, light rain.
2026-06-21 15:43:45 [RELAY_05] Fuel convoy ETA updated: 40 minutes.
2026-06-21 19:34:27 [RELAY_05] Patrol unit reporting status: nominal.
2026-06-21 04:08:25 [STATION_ALPHA] Radio signal check: frequency tuning successful.
2026-06-21 14:30:47 [PATROL_07] Weekly maintenance scheduled for antenna mast.
2026-06-21 10:38:42 [STATION_CHARLIE] Weekly maintenance scheduled for antenna mast.
2026-06-21 07:35:16 [RECON_03] Routine backup completed for network segment 3.
2026-06-21 09:19:51 [STATION_DELTA] Security sweep of perimeter zone B completed.
2026-06-21 09:04:12 [STATION_CHARLIE] Radio signal check: frequency tuning successful.
2026-06-21 13:58:13 [RECON_03] Encrypted packet sent to HQ: checksum 0x7C41.
2026-06-21 22:42:59 [PATROL_07] Generator switched to reserve tank.
2026-06-21 13:12:43 [RECON_03] Generator switched to reserve tank.
2026-06-21 07:13:50 [STATION_DELTA] Automated telemetry update: battery level 92%.
2026-06-21 08:37:04 [COMMAND] Patrol unit reporting status: nominal.
2026-06-21 13:19:26 [STATION_ALPHA] Encrypted packet sent to HQ: checksum 0x7C41.
2026-06-21 07:52:17 [STATION_BRAVO] Security sweep of perimeter zone B completed.
2026-06-21 00:03:21 [COMMAND] Patrol unit reporting status: nominal.
2026-06-21 21:57:48 [RELAY_05] Security sweep of perimeter zone B completed.
2026-06-21 05:52:54 [STATION_BRAVO] Routine backup completed for network segment 3.
2026-06-21 02:05:00 [PATROL_07] Generator switched to reserve tank.
2026-06-21 10:12:56 [RELAY_05] Automated telemetry update: battery level 92%.
2026-06-21 20:42:07 [STATION_BRAVO] Security sweep of perimeter zone B completed.
2026-06-21 01:15:23 [PATROL_07] Radio signal check: frequency tuning successful.
2026-06-21 09:52:16 [STATION_DELTA] Weather report: wind speed 11 knots, light rain.
2026-06-21 13:44:18 [PATROL_07] Routine backup completed for network segment 3.
2026-06-21 10:01:27 [STATION_BRAVO] Automated telemetry update: battery level 92%.
2026-06-21 05:43:09 [COMMAND] Patrol unit reporting status: nominal.
2026-06-21 15:08:01 [PATROL_07] Routine backup completed for network segment 3.
2026-06-21 14:13:59 [RELAY_05] Security sweep of perimeter zone B completed.
2026-06-21 18:47:52 [RECON_03] Generator switched to reserve tank.
2026-06-21 08:04:36 [STATION_ALPHA] Routine backup completed for network segment 3.
2026-06-21 22:12:55 [STATION_ALPHA] Generator switched to reserve tank.
2026-06-21 09:48:12 [STATION_DELTA] Fuel convoy ETA updated: 40 minutes.
2026-06-21 21:32:26 [STATION_DELTA] Radio signal check: frequency tuning successful.
2026-06-21 03:43:11 [COMMAND] Generator switched to reserve tank.
2026-06-21 10:43:07 [STATION_DELTA] Generator switched to reserve tank.
2026-06-21 05:06:02 [STATION_CHARLIE] Patrol unit reporting status: nominal.
2026-06-21 14:46:27 [RECON_03] Security sweep of perimeter zone B completed.
2026-06-21 17:49:53 [STATION_CHARLIE] Weekly maintenance scheduled for antenna mast.
2026-06-21 10:45:55 [PATROL_07] Weekly maintenance scheduled for antenna mast.
2026-06-21 22:35:12 [RECON_03] Weekly maintenance scheduled for antenna mast.
2026-06-21 18:22:17 [COMMAND] Radio signal check: frequency tuning successful.
2026-06-21 00:27:37 [STATION_BRAVO] Patrol unit reporting status: nominal.
2026-06-21 06:20:36 [STATION_CHARLIE] Automated telemetry update: battery level 92%.
2026-06-21 03:34:39 [STATION_DELTA] Patrol unit reporting status: nominal.
2026-06-21 22:09:15 [STATION_ALPHA] Weekly maintenance scheduled for antenna mast.
2026-06-21 01:00:26 [COMMAND] Encrypted packet sent to HQ: checksum 0x7C41.
2026-06-21 21:45:14 [STATION_CHARLIE] Routine backup completed for network segment 3.
2026-06-21 03:02:57 [PATROL_07] Routine backup completed for network segment 3.
2026-06-21 07:42:35 [COMMAND] Radio signal check: frequency tuning successful.
2026-06-21 12:52:56 [COMMAND] Automated telemetry update: battery level 92%.
2026-06-21 12:14:28 [STATION_DELTA] Automated telemetry update: battery level 92%.
2026-06-21 04:02:07 [COMMAND] Encrypted packet sent to HQ: checksum 0x7C41.
2026-06-21 03:06:09 [STATION_ALPHA] Radio signal check: frequency tuning successful.
2026-06-21 02:41:09 [PATROL_07] Weather report: wind speed 11 knots, light rain.
2026-06-21 09:03:28 [RECON_03] Weekly maintenance scheduled for antenna mast.
2026-06-21 11:11:47 [PATROL_07] Routine backup completed for network segment 3.
2026-06-21 17:00:04 [STATION_BRAVO] Routine backup completed for network segment 3.
2026-06-21 20:21:03 [STATION_BRAVO] Security sweep of perimeter zone B completed.
2026-06-21 21:05:55 [PATROL_07] Routine backup completed for network segment 3.
2026-06-21 14:05:18 [RELAY_05] Encrypted packet sent to HQ: checksum 0x7C41.
2026-06-21 04:31:37 [STATION_DELTA] Encrypted packet sent to HQ: checksum 0x7C41.
2026-06-21 03:38:57 [STATION_BRAVO] Radio signal check: frequency tuning successful.
2026-06-21 18:23:35 [COMMAND] Radio signal check: frequency tuning successful.
2026-06-21 10:31:22 [STATION_BRAVO] Radio signal check: frequency tuning successful.
2026-06-21 01:28:36 [STATION_ALPHA] Weather report: wind speed 11 knots, light rain.
2026-06-21 03:16:55 [STATION_ALPHA] Fuel convoy ETA updated: 40 minutes.
2026-06-21 02:46:37 [STATION_CHARLIE] Generator switched to reserve tank.
2026-06-21 22:26:51 [STATION_ALPHA] Radio signal check: frequency tuning successful.
2026-06-21 01:07:04 [STATION_CHARLIE] Patrol unit reporting status: nominal.
2026-06-21 05:08:39 [STATION_ALPHA] Security sweep of perimeter zone B completed.
2026-06-21 19:43:23 [COMMAND] Weekly maintenance scheduled for antenna mast.
2026-06-21 19:04:46 [STATION_CHARLIE] Weather report: wind speed 11 knots, light rain.
2026-06-21 16:54:00 [RECON_03] Generator switched to reserve tank.
2026-06-21 02:17:52 [PATROL_07] Fuel convoy ETA updated: 40 minutes.
2026-06-21 23:27:26 [RECON_03] Encrypted packet sent to HQ: checksum 0x7C41.
2026-06-21 07:52:49 [STATION_ALPHA] Radio signal check: frequency tuning successful.
2026-06-21 14:40:58 [COMMAND] Generator switched to reserve tank.
2026-06-21 17:37:15 [RELAY_05] Radio signal check: frequency tuning successful.
2026-06-21 21:27:13 [PATROL_07] Weather report: wind speed 11 knots, light rain.
2026-06-21 22:04:18 [RECON_03] Generator switched to reserve tank.
2026-06-21 17:37:50 [STATION_ALPHA] Patrol unit reporting status: nominal.
2026-06-21 23:31:59 [STATION_BRAVO] Radio signal check: frequency tuning successful.
2026-06-21 12:36:08 [RELAY_05] Security sweep of perimeter zone B completed.
2026-06-21 03:41:08 [STATION_BRAVO] Radio signal check: frequency tuning successful.
2026-06-21 16:15:16 [STATION_BRAVO] Routine backup completed for network segment 3.
2026-06-21 04:34:09 [COMMAND] Weather report: wind speed 11 knots, light rain.
2026-06-21 13:54:24 [STATION_BRAVO] Generator switched to reserve tank.
2026-06-21 06:18:15 [STATION_ALPHA] Encrypted packet sent to HQ: checksum 0x7C41.
2026-06-21 23:39:22 [RECON_03] Weekly maintenance scheduled for antenna mast.
2026-06-21 17:55:33 [STATION_DELTA] Routine backup completed for network segment 3.
2026-06-21 11:51:33 [COMMAND] Patrol unit reporting status: nominal.
2026-06-21 14:00:31 [STATION_CHARLIE] Weather report: wind speed 11 knots, light rain.
2026-06-21 06:11:49 [RELAY_05] Fuel convoy ETA updated: 40 minutes.
2026-06-21 21:08:46 [STATION_ALPHA] Weekly maintenance scheduled for antenna mast.
2026-06-21 08:44:52 [PATROL_07] Fuel convoy ETA updated: 40 minutes.
2026-06-21 21:31:45 [STATION_ALPHA] Generator switched to reserve tank.
2026-06-21 18:34:03 [PATROL_07] Generator switched to reserve tank.
2026-06-21 18:24:49 [STATION_DELTA] Generator switched to reserve tank.
2026-06-21 12:54:37 [COMMAND] Patrol unit reporting status: nominal.
2026-06-21 06:05:08 [STATION_BRAVO] Fuel convoy ETA updated: 40 minutes.
2026-06-21 20:34:25 [STATION_ALPHA] Weather report: wind speed 11 knots, light rain.
2026-06-21 10:03:21 [STATION_BRAVO] Routine backup completed for network segment 3.
2026-06-21 15:36:28 [COMMAND] Encrypted packet sent to HQ: checksum 0x7C41.
2026-06-21 11:59:10 [STATION_DELTA] Fuel convoy ETA updated: 40 minutes.
2026-06-21 11:18:53 [RECON_03] Generator switched to reserve tank.
2026-06-21 00:26:53 [STATION_CHARLIE] Generator switched to reserve tank.
2026-06-21 07:46:04 [RELAY_05] Radio signal check: frequency tuning successful.
2026-06-21 05:24:09 [RELAY_05] Radio signal check: frequency tuning successful.
2026-06-21 04:54:11 [STATION_DELTA] Encrypted packet sent to HQ: checksum 0x7C41.
2026-06-21 04:50:06 [STATION_DELTA] Encrypted packet sent to HQ: checksum 0x7C41.
2026-06-21 11:07:15 [STATION_DELTA] Encrypted packet sent to HQ: checksum 0x7C41.
2026-06-21 23:51:27 [STATION_ALPHA] Routine backup completed for network segment 3.
2026-06-21 16:25:14 [RELAY_05] Patrol unit reporting status: nominal.
2026-06-21 05:25:07 [STATION_BRAVO] Automated telemetry update: battery level 92%.
2026-06-21 05:50:15 [COMMAND] Patrol unit reporting status: nominal.
2026-06-21 21:17:41 [STATION_CHARLIE] Weather report: wind speed 11 knots, light rain.
2026-06-21 17:55:48 [STATION_DELTA] Automated telemetry update: battery level 92%.
2026-06-21 05:04:30 [COMMAND] Routine backup completed for network segment 3.
2026-06-21 02:05:49 [STATION_CHARLIE] Routine backup completed for network segment 3.
2026-06-21 06:04:00 [STATION_ALPHA] Radio signal check: frequency tuning successful.
2026-06-21 19:27:23 [STATION_CHARLIE] Encrypted packet sent to HQ: checksum 0x7C41.
2026-06-21 13:55:16 [RELAY_05] Encrypted packet sent to HQ: checksum 0x7C41.
2026-06-21 17:15:59 [STATION_ALPHA] Routine backup completed for network segment 3.
2026-06-21 03:53:27 [STATION_ALPHA] Automated telemetry update: battery level 92%.
2026-06-21 06:15:11 [COMMAND] Automated telemetry update: battery level 92%.
2026-06-21 13:31:21 [PATROL_07] Radio signal check: frequency tuning successful.
2026-06-21 23:59:49 [COMMAND] Weather report: wind speed 11 knots, light rain.
2026-06-21 17:10:08 [STATION_DELTA] Security sweep of perimeter zone B completed.
2026-06-21 15:32:54 [STATION_BRAVO] Patrol unit reporting status: nominal.
2026-06-21 17:12:18 [STATION_BRAVO] Automated telemetry update: battery level 92%.
2026-06-21 01:37:39 [PATROL_07] Weather report: wind speed 11 knots, light rain.
2026-06-21 07:36:18 [RELAY_05] Encrypted packet sent to HQ: checksum 0x7C41.
2026-06-21 20:02:08 [COMMAND] Generator switched to reserve tank.
2026-06-21 03:06:52 [STATION_ALPHA] Weather report: wind speed 11 knots, light rain.
2026-06-21 10:44:59 [COMMAND] Fuel convoy ETA updated: 40 minutes.
2026-06-21 11:46:54 [PATROL_07] Fuel convoy ETA updated: 40 minutes.
2026-06-21 14:54:39 [PATROL_07] Automated telemetry update: battery level 92%.
2026-06-21 15:31:06 [STATION_BRAVO] Weekly maintenance scheduled for antenna mast.
2026-06-21 16:19:28 [STATION_BRAVO] Fuel convoy ETA updated: 40 minutes.
2026-06-21 06:29:14 [STATION_BRAVO] Generator switched to reserve tank.
2026-06-21 07:57:18 [PATROL_07] Weekly maintenance scheduled for antenna mast.
2026-06-21 17:03:36 [STATION_CHARLIE] Automated telemetry update: battery level 92%.
2026-06-21 16:04:46 [RELAY_05] Routine backup completed for network segment 3.
2026-06-21 11:11:43 [PATROL_07] Security sweep of perimeter zone B completed.
2026-06-21 05:25:36 [STATION_CHARLIE] Fuel convoy ETA updated: 40 minutes.
2026-06-21 04:28:20 [PATROL_07] Fuel convoy ETA updated: 40 minutes.
2026-06-21 13:05:40 [STATION_BRAVO] Weather report: wind speed 11 knots, light rain.
2026-06-21 03:06:32 [RECON_03] Weekly maintenance scheduled for antenna mast.
2026-06-21 18:07:54 [RELAY_05] Fuel convoy ETA updated: 40 minutes.
2026-06-21 18:33:34 [RECON_03] Security sweep of perimeter zone B completed.
2026-06-21 18:43:44 [RELAY_05] Patrol unit reporting status: nominal.
2026-06-21 22:30:53 [STATION_ALPHA] Routine backup completed for network segment 3.
2026-06-21 12:59:00 [STATION_BRAVO] Routine backup completed for network segment 3.
2026-06-21 17:33:41 [PATROL_07] Generator switched to reserve tank.
2026-06-21 14:03:50 [STATION_BRAVO] Generator switched to reserve tank.
2026-06-21 05:36:06 [COMMAND] Security sweep of perimeter zone B completed.
2026-06-21 22:19:46 [COMMAND] Weekly maintenance scheduled for antenna mast.
2026-06-21 08:23:22 [STATION_CHARLIE] Patrol unit reporting status: nominal.
2026-06-21 16:06:52 [COMMAND] Weather report: wind speed 11 knots, light rain.
2026-06-21 19:03:02 [STATION_ALPHA] Patrol unit reporting status: nominal.
2026-06-21 01:06:02 [RELAY_05] Encrypted packet sent to HQ: checksum 0x7C41.
2026-06-21 14:20:14 [STATION_DELTA] Radio signal check: frequency tuning successful.
2026-06-21 19:22:21 [RECON_03] Radio signal check: frequency tuning successful.
2026-06-21 08:02:25 [STATION_DELTA] Radio signal check: frequency tuning successful.
2026-06-21 03:10:55 [STATION_ALPHA] Encrypted packet sent to HQ: checksum 0x7C41.
2026-06-21 17:44:10 [STATION_ALPHA] Fuel convoy ETA updated: 40 minutes.
2026-06-21 01:10:55 [STATION_CHARLIE] Encrypted packet sent to HQ: checksum 0x7C41.
2026-06-21 22:03:02 [RELAY_05] Routine backup completed for network segment 3.
2026-06-21 16:46:58 [STATION_ALPHA] Patrol unit reporting status: nominal.
2026-06-21 10:27:53 [STATION_BRAVO] Weather report: wind speed 11 knots, light rain.
2026-06-21 05:12:00 [STATION_CHARLIE] Weather report: wind speed 11 knots, light rain.
2026-06-21 07:06:00 [PATROL_07] Radio signal check: frequency tuning successful.
2026-06-21 12:42:05 [STATION_CHARLIE] Patrol unit reporting status: nominal.
2026-06-21 02:35:34 [COMMAND] Weather report: wind speed 11 knots, light rain.
2026-06-21 07:28:32 [RECON_03] Security sweep of perimeter zone B completed.
2026-06-21 11:47:16 [RECON_03] Generator switched to reserve tank.
2026-06-21 09:58:38 [STATION_CHARLIE] Generator switched to reserve tank.
2026-06-21 05:06:27 [RECON_03] Routine backup completed for network segment 3.
2026-06-21 14:05:50 [RELAY_05] Encrypted packet sent to HQ: checksum 0x7C41.
2026-06-21 02:55:34 [RELAY_05] Patrol unit reporting status: nominal.
2026-06-21 14:06:35 [COMMAND] Security sweep of perimeter zone B completed.
2026-06-21 16:56:37 [STATION_BRAVO] Encrypted packet sent to HQ: checksum 0x7C41.
2026-06-21 12:28:26 [RELAY_05] Security sweep of perimeter zone B completed.
2026-06-21 07:22:44 [STATION_DELTA] Automated telemetry update: battery level 92%.
2026-06-21 23:48:12 [STATION_ALPHA] Radio signal check: frequency tuning successful.
2026-06-21 06:18:18 [STATION_DELTA] Radio signal check: frequency tuning successful.
2026-06-21 02:15:57 [STATION_DELTA] Patrol unit reporting status: nominal.
2026-06-21 07:17:16 [PATROL_07] Automated telemetry update: battery level 92%.
2026-06-21 01:23:16 [STATION_ALPHA] Patrol unit reporting status: nominal.
2026-06-21 23:44:29 [STATION_ALPHA] Radio signal check: frequency tuning successful.
2026-06-21 05:56:42 [STATION_CHARLIE] Automated telemetry update: battery level 92%.
2026-06-21 19:17:49 [RELAY_05] Patrol unit reporting status: nominal.
2026-06-21 16:39:43 [PATROL_07] Automated telemetry update: battery level 92%.
2026-06-21 00:54:56 [STATION_ALPHA] Generator switched to reserve tank.
2026-06-21 05:26:08 [PATROL_07] Weather report: wind speed 11 knots, light rain.
2026-06-21 07:31:45 [STATION_CHARLIE] Fuel convoy ETA updated: 40 minutes.
2026-06-21 21:55:44 [STATION_DELTA] Routine backup completed for network segment 3.
2026-06-21 10:40:00 [RECON_03] Security sweep of perimeter zone B completed.
2026-06-21 16:58:39 [RECON_03] Security sweep of perimeter zone B completed.
